/*
 Navicat Premium Data Transfer

 Source Server         : WB
 Source Server Type    : MySQL
 Source Server Version : 50649
 Source Host           : 124.70.10.183:3306
 Source Schema         : library_management_system

 Target Server Type    : MySQL
 Target Server Version : 50649
 File Encoding         : 65001

 Date: 11/12/2023 15:47:30
*/

SET NAMES utf8mb4;
SET FOREIGN_KEY_CHECKS = 0;

-- ----------------------------
-- Table structure for book
-- ----------------------------
DROP TABLE IF EXISTS `book`;
CREATE TABLE `book`  (
  `book_id` int(11) NOT NULL COMMENT '序号',
  `book_name` varchar(20) CHARACTER SET utf8 COLLATE utf8_general_ci DEFAULT NULL COMMENT '名称',
  `author` varchar(10) CHARACTER SET utf8 COLLATE utf8_general_ci DEFAULT NULL COMMENT '作者',
  `book_type` varchar(10) CHARACTER SET utf8 COLLATE utf8_general_ci DEFAULT NULL COMMENT '类型',
  `book_price` float(10, 2) DEFAULT NULL COMMENT '价格',
  `publishing_house` varchar(20) CHARACTER SET utf8 COLLATE utf8_general_ci DEFAULT NULL COMMENT '出版商',
  `summary` varchar(255) CHARACTER SET utf8 COLLATE utf8_general_ci DEFAULT NULL COMMENT '概要',
  `bookshelf_number` varchar(20) CHARACTER SET utf8 COLLATE utf8_general_ci DEFAULT NULL COMMENT '书架序号',
  `collection_number` int(11) DEFAULT NULL COMMENT '收集总数',
  `borrowed_number` int(11) DEFAULT NULL COMMENT '借出数量',
  `in_libraries_number` int(11) DEFAULT NULL COMMENT '持有数量',
  PRIMARY KEY (`book_id`) USING BTREE
) ENGINE = InnoDB CHARACTER SET = utf8 COLLATE = utf8_general_ci COMMENT = '书籍' ROW_FORMAT = Compact;

-- ----------------------------
-- Records of book
-- ----------------------------
INSERT INTO `book` VALUES (10402548, '陈平不等式', '陈平', '经济', 2000.00, '霹雳霹雳', '中国和美国的物价、消费、交通、生活等方面的差异', '6', 555, 1, 554);
INSERT INTO `book` VALUES (11381428, '背叛者的镇魂曲', '乔鲁诺Banana', '文化科教', 4444.00, '大卫社', '黃金之風動畫的第二個OP', '7', 5, 5, 0);
INSERT INTO `book` VALUES (11502419, '地理段一回忆录', '星哥', '地理', 114514.00, '连江一中食杂店', '本书记录了星哥在惨遭迫害后觉悟到的地理学习绝技', '11', 666, 666, 0);
INSERT INTO `book` VALUES (11837795, '十四句密语', '普奇神父', '哲学、宗教', 14.00, '绿海豚小卖部', 'DIO在替身【世界】上刻下的，与天堂计划有关', '2', 14, 14, 0);
INSERT INTO `book` VALUES (12172876, '去城市化实践手册', ' 波尔布特', '环境安全科学', 192.50, '柬埔寨中央发行社', '去城市化可以使得农民被迫转移到农村，从而增加粮食产量，解决柬埔寨的饥荒问题', '21', 55, 55, 0);
INSERT INTO `book` VALUES (12925024, '天才王子的赤字国家振兴术', '鸟羽彻', '政治、法律', 0.50, 'SB Creative', '由鸟羽彻创作，由Falmaro绘制插画的日本轻小说', '4', 5, 5, 0);
INSERT INTO `book` VALUES (13166119, '星概念英语', 'SpadeK', '语言、文字', 1919.00, '睡眠促进委员会', '星概念英语是一本, ...前面忘了, 中间忘了, 后面忘了的书', '8', 8, 8, 0);
INSERT INTO `book` VALUES (14577533, '工作细胞', '清水茜', '医药、卫生', 555.00, '讲谈社', '讲述经拟人化后人体内各种细胞于人体内的日常工作', '16', 55, 25, 30);
INSERT INTO `book` VALUES (14776640, '带砖物理秒杀大招', 'PW', '数理化学', 55.00, '连江一中对面书店', '带砖物理秒杀大招是一本, 前面忘了, 中间忘了, 后面也忘了的好教材', '13', 6, 6, 0);
INSERT INTO `book` VALUES (15251933, '物种起源新编', '查尔斯-达尔文', '自然科学总论', 1895.00, '诺亚方舟出版社', '解释了物种如何通过自然选择而产生', '12', 5, 5, 0);
INSERT INTO `book` VALUES (15511704, '母猪的产后护理', '赵本山', '生物科学', 54.00, 'CCTV', '赵本山治疗范伟的第一个话题', '15', 66, 65, 1);
INSERT INTO `book` VALUES (16737815, '宿星Girlfriend', 'mirai ', '天文地球科学', 143.00, 'mirai ', '由mirai制作发行的一款分割商法Galgame', '14', 55, 45, 10);
INSERT INTO `book` VALUES (16901555, '钢铁是怎样炼成的', '保尔柯察金', '工业技术', 1918.00, '乌克兰第一拖拉机厂', '柯察金同志的炼钢手册', '18', 6, 3, 3);
INSERT INTO `book` VALUES (18133533, '爱上火车', 'Lose', '交通运输', 128.00, 'Lose', 'Lose于2016年3月25日发售的视觉小说类型成人游戏', '19', 40, 21, 19);
INSERT INTO `book` VALUES (18403906, '苍之彼方的四重奏', '坂本晃', '航空、航天', 126.00, 'NekoNyan', '由sprite制作的电子游戏', '20', 55, 55, 0);
INSERT INTO `book` VALUES (20881021, '我的奋斗', '洗头佬', '文学', 500000.00, '慕尼黑啤酒馆出版社', '得意智元首于1925年出版的一部自传; 成为日后德国辣脆党的思想纲领', '9', 50, 50, 0);
INSERT INTO `book` VALUES (27368007, '四库全书', '爱新觉罗弘历', '综合性图书', 19999.00, '直隶尚书', '中国古代最大的丛书', '22', 1, 0, 1);
INSERT INTO `book` VALUES (37013258, '当马克思遇见孔夫子', '孔夫子与马克思', '马列毛邓', 114514.00, 'CCTV', '马克思主义何以能够来到中国，并在中国大地扎根、发芽、开花和结果？', '1', 44, 1, 43);
INSERT INTO `book` VALUES (51497511, '一九八四', '乔治·奥威尔', '社会科学总论', 43.00, '塞克尔和沃伯格', '《一九八四》是英国作家乔治·奥威尔所创作的一部反乌托邦小说', '3', 4, 4, 0);
INSERT INTO `book` VALUES (57920440, '向日葵培育与养殖', '吉祥寺', '农业科学', 3.00, 'ωstar', '科学家神城龙之介跟其创造出来的两台机器人亚璃子和灯露椎所发生的故事', '17', 5, 5, 0);
INSERT INTO `book` VALUES (81426958, '一小时二十二分', '普利氪金', '军事', 122.00, '铁锅炖大鹅株式会社', '大帝1小时22分速通Ukraine', '5', 122, 0, 122);
INSERT INTO `book` VALUES (97973897, '神曲新编', '但丁SK', '艺术', 0.50, '翡冷翠小卖部', '意大利文学经典', '10', 1, 0, 1);

-- ----------------------------
-- Table structure for bookshelf
-- ----------------------------
DROP TABLE IF EXISTS `bookshelf`;
CREATE TABLE `bookshelf`  (
  `bookshelf_number` varchar(20) CHARACTER SET utf8 COLLATE utf8_general_ci NOT NULL COMMENT '书架序号',
  `bookshelf_type` varchar(20) CHARACTER SET utf8 COLLATE utf8_general_ci DEFAULT NULL COMMENT '书架类型',
  PRIMARY KEY (`bookshelf_number`) USING BTREE
) ENGINE = InnoDB CHARACTER SET = utf8 COLLATE = utf8_general_ci COMMENT = '书架' ROW_FORMAT = Compact;

-- ----------------------------
-- Records of bookshelf
-- ----------------------------
INSERT INTO `bookshelf` VALUES ('1', '马列毛邓');
INSERT INTO `bookshelf` VALUES ('10', '艺术');
INSERT INTO `bookshelf` VALUES ('11', '历史、地理');
INSERT INTO `bookshelf` VALUES ('12', '自然科学总论');
INSERT INTO `bookshelf` VALUES ('13', '数理化学');
INSERT INTO `bookshelf` VALUES ('14', '天文地球科学');
INSERT INTO `bookshelf` VALUES ('15', '生物科学');
INSERT INTO `bookshelf` VALUES ('16', '医药、卫生');
INSERT INTO `bookshelf` VALUES ('17', '农业科学');
INSERT INTO `bookshelf` VALUES ('18', '工业技术');
INSERT INTO `bookshelf` VALUES ('19', '交通运输');
INSERT INTO `bookshelf` VALUES ('2', '哲学、宗教');
INSERT INTO `bookshelf` VALUES ('20', '航空、航天');
INSERT INTO `bookshelf` VALUES ('21', '环境安全科学');
INSERT INTO `bookshelf` VALUES ('22', '综合性图书');
INSERT INTO `bookshelf` VALUES ('3', '社会科学总论');
INSERT INTO `bookshelf` VALUES ('4', '政治、法律');
INSERT INTO `bookshelf` VALUES ('5', '军事');
INSERT INTO `bookshelf` VALUES ('6', '经济');
INSERT INTO `bookshelf` VALUES ('7', '文化科教');
INSERT INTO `bookshelf` VALUES ('8', '语言、文字');
INSERT INTO `bookshelf` VALUES ('9', '文学');

-- ----------------------------
-- Table structure for borrow
-- ----------------------------
DROP TABLE IF EXISTS `borrow`;
CREATE TABLE `borrow`  (
  `card_number` bigint(20) NOT NULL COMMENT '人卡号',
  `book_number` bigint(20) NOT NULL COMMENT '书序号',
  `book_borrow_time` datetime(0) DEFAULT NULL COMMENT '借出时间',
  `book_return_time` datetime(0) DEFAULT NULL COMMENT '归还时间',
  `is_return` int(11) DEFAULT 1 COMMENT '是否还书，默认1未还，0还了',
  PRIMARY KEY (`card_number`, `book_number`) USING BTREE
) ENGINE = InnoDB CHARACTER SET = utf8 COLLATE = utf8_general_ci COMMENT = '借阅' ROW_FORMAT = Compact;

-- ----------------------------
-- Records of borrow
-- ----------------------------
INSERT INTO `borrow` VALUES (114, 10402548, '2023-12-10 22:04:37', NULL, 1);

-- ----------------------------
-- Table structure for gen_table
-- ----------------------------
DROP TABLE IF EXISTS `gen_table`;
CREATE TABLE `gen_table`  (
  `table_id` bigint(20) NOT NULL AUTO_INCREMENT COMMENT '编号',
  `table_name` varchar(200) CHARACTER SET utf8 COLLATE utf8_general_ci DEFAULT '' COMMENT '表名称',
  `table_comment` varchar(500) CHARACTER SET utf8 COLLATE utf8_general_ci DEFAULT '' COMMENT '表描述',
  `sub_table_name` varchar(64) CHARACTER SET utf8 COLLATE utf8_general_ci DEFAULT NULL COMMENT '关联子表的表名',
  `sub_table_fk_name` varchar(64) CHARACTER SET utf8 COLLATE utf8_general_ci DEFAULT NULL COMMENT '子表关联的外键名',
  `class_name` varchar(100) CHARACTER SET utf8 COLLATE utf8_general_ci DEFAULT '' COMMENT '实体类名称',
  `tpl_category` varchar(200) CHARACTER SET utf8 COLLATE utf8_general_ci DEFAULT 'crud' COMMENT '使用的模板（crud单表操作 tree树表操作）',
  `tpl_web_type` varchar(30) CHARACTER SET utf8 COLLATE utf8_general_ci DEFAULT '' COMMENT '前端模板类型（element-ui模版 element-plus模版）',
  `package_name` varchar(100) CHARACTER SET utf8 COLLATE utf8_general_ci DEFAULT NULL COMMENT '生成包路径',
  `module_name` varchar(30) CHARACTER SET utf8 COLLATE utf8_general_ci DEFAULT NULL COMMENT '生成模块名',
  `business_name` varchar(30) CHARACTER SET utf8 COLLATE utf8_general_ci DEFAULT NULL COMMENT '生成业务名',
  `function_name` varchar(50) CHARACTER SET utf8 COLLATE utf8_general_ci DEFAULT NULL COMMENT '生成功能名',
  `function_author` varchar(50) CHARACTER SET utf8 COLLATE utf8_general_ci DEFAULT NULL COMMENT '生成功能作者',
  `gen_type` char(1) CHARACTER SET utf8 COLLATE utf8_general_ci DEFAULT '0' COMMENT '生成代码方式（0zip压缩包 1自定义路径）',
  `gen_path` varchar(200) CHARACTER SET utf8 COLLATE utf8_general_ci DEFAULT '/' COMMENT '生成路径（不填默认项目路径）',
  `options` varchar(1000) CHARACTER SET utf8 COLLATE utf8_general_ci DEFAULT NULL COMMENT '其它生成选项',
  `create_by` varchar(64) CHARACTER SET utf8 COLLATE utf8_general_ci DEFAULT '' COMMENT '创建者',
  `create_time` datetime(0) DEFAULT NULL COMMENT '创建时间',
  `update_by` varchar(64) CHARACTER SET utf8 COLLATE utf8_general_ci DEFAULT '' COMMENT '更新者',
  `update_time` datetime(0) DEFAULT NULL COMMENT '更新时间',
  `remark` varchar(500) CHARACTER SET utf8 COLLATE utf8_general_ci DEFAULT NULL COMMENT '备注',
  PRIMARY KEY (`table_id`) USING BTREE
) ENGINE = InnoDB AUTO_INCREMENT = 20 CHARACTER SET = utf8 COLLATE = utf8_general_ci COMMENT = '代码生成业务表' ROW_FORMAT = Compact;

-- ----------------------------
-- Records of gen_table
-- ----------------------------
INSERT INTO `gen_table` VALUES (14, 'book', '书籍', NULL, NULL, 'Book', 'crud', 'element-plus', 'com.ldb.project.server', 'server', 'Book', '书籍', 'SpadeKTLSG', '0', '/', '{\"parentMenuId\":\"1\"}', 'admin', '2023-12-10 07:41:30', '', '2023-12-10 12:45:27', '书籍');
INSERT INTO `gen_table` VALUES (15, 'bookshelf', '书架', NULL, NULL, 'Bookshelf', 'crud', 'element-plus', 'com.ldb.project.server', 'server', 'Bookshelf', '书架', 'SpadeKTLSG', '0', '/', '{\"parentMenuId\":1}', 'admin', '2023-12-10 07:41:31', '', '2023-12-10 12:47:12', NULL);
INSERT INTO `gen_table` VALUES (16, 'borrow', '借阅', NULL, NULL, 'Borrow', 'crud', 'element-plus', 'com.ldb.project.server', 'server', 'Borrow', '借阅', 'SpadeKTLSG', '0', '/', '{\"parentMenuId\":\"1\"}', 'admin', '2023-12-10 07:41:31', '', '2023-12-10 14:00:39', NULL);
INSERT INTO `gen_table` VALUES (17, 'reader', '读者', NULL, NULL, 'Reader', 'crud', 'element-plus', 'com.ldb.project.server', 'server', 'Reader', '读者', 'SpadeKTLSG', '0', '/', '{\"parentMenuId\":\"\"}', 'admin', '2023-12-10 07:41:38', '', '2023-12-11 01:22:22', NULL);
INSERT INTO `gen_table` VALUES (18, 'staff', '员工', NULL, NULL, 'Staff', 'crud', 'element-plus', 'com.ldb.project.server', 'server', 'Staff', '员工', 'SpadeKTLSG', '0', '/', '{\"parentMenuId\":1}', 'admin', '2023-12-10 07:41:39', '', '2023-12-11 02:03:28', NULL);
INSERT INTO `gen_table` VALUES (19, 'user_type', '用户类型', NULL, NULL, 'UserType', 'crud', 'element-plus', 'com.ldb.project.server', 'server', 'UserType', '用户类型', 'SpadeKTLSG', '0', '/', '{\"parentMenuId\":1}', 'admin', '2023-12-10 07:41:46', '', '2023-12-11 02:27:12', NULL);

-- ----------------------------
-- Table structure for gen_table_column
-- ----------------------------
DROP TABLE IF EXISTS `gen_table_column`;
CREATE TABLE `gen_table_column`  (
  `column_id` bigint(20) NOT NULL AUTO_INCREMENT COMMENT '编号',
  `table_id` bigint(20) DEFAULT NULL COMMENT '归属表编号',
  `column_name` varchar(200) CHARACTER SET utf8 COLLATE utf8_general_ci DEFAULT NULL COMMENT '列名称',
  `column_comment` varchar(500) CHARACTER SET utf8 COLLATE utf8_general_ci DEFAULT NULL COMMENT '列描述',
  `column_type` varchar(100) CHARACTER SET utf8 COLLATE utf8_general_ci DEFAULT NULL COMMENT '列类型',
  `java_type` varchar(500) CHARACTER SET utf8 COLLATE utf8_general_ci DEFAULT NULL COMMENT 'JAVA类型',
  `java_field` varchar(200) CHARACTER SET utf8 COLLATE utf8_general_ci DEFAULT NULL COMMENT 'JAVA字段名',
  `is_pk` char(1) CHARACTER SET utf8 COLLATE utf8_general_ci DEFAULT NULL COMMENT '是否主键（1是）',
  `is_increment` char(1) CHARACTER SET utf8 COLLATE utf8_general_ci DEFAULT NULL COMMENT '是否自增（1是）',
  `is_required` char(1) CHARACTER SET utf8 COLLATE utf8_general_ci DEFAULT NULL COMMENT '是否必填（1是）',
  `is_insert` char(1) CHARACTER SET utf8 COLLATE utf8_general_ci DEFAULT NULL COMMENT '是否为插入字段（1是）',
  `is_edit` char(1) CHARACTER SET utf8 COLLATE utf8_general_ci DEFAULT NULL COMMENT '是否编辑字段（1是）',
  `is_list` char(1) CHARACTER SET utf8 COLLATE utf8_general_ci DEFAULT NULL COMMENT '是否列表字段（1是）',
  `is_query` char(1) CHARACTER SET utf8 COLLATE utf8_general_ci DEFAULT NULL COMMENT '是否查询字段（1是）',
  `query_type` varchar(200) CHARACTER SET utf8 COLLATE utf8_general_ci DEFAULT 'EQ' COMMENT '查询方式（等于、不等于、大于、小于、范围）',
  `html_type` varchar(200) CHARACTER SET utf8 COLLATE utf8_general_ci DEFAULT NULL COMMENT '显示类型（文本框、文本域、下拉框、复选框、单选框、日期控件）',
  `dict_type` varchar(200) CHARACTER SET utf8 COLLATE utf8_general_ci DEFAULT '' COMMENT '字典类型',
  `sort` int(11) DEFAULT NULL COMMENT '排序',
  `create_by` varchar(64) CHARACTER SET utf8 COLLATE utf8_general_ci DEFAULT '' COMMENT '创建者',
  `create_time` datetime(0) DEFAULT NULL COMMENT '创建时间',
  `update_by` varchar(64) CHARACTER SET utf8 COLLATE utf8_general_ci DEFAULT '' COMMENT '更新者',
  `update_time` datetime(0) DEFAULT NULL COMMENT '更新时间',
  PRIMARY KEY (`column_id`) USING BTREE
) ENGINE = InnoDB AUTO_INCREMENT = 105 CHARACTER SET = utf8 COLLATE = utf8_general_ci COMMENT = '代码生成业务表字段' ROW_FORMAT = Compact;

-- ----------------------------
-- Records of gen_table_column
-- ----------------------------
INSERT INTO `gen_table_column` VALUES (74, 14, 'book_id', '序号', 'int(11)', 'Long', 'bookId', '1', '0', '0', '1', NULL, NULL, NULL, 'EQ', 'input', '', 1, 'admin', '2023-12-10 07:41:30', '', '2023-12-10 12:45:27');
INSERT INTO `gen_table_column` VALUES (75, 14, 'book_name', '名称', 'varchar(20)', 'String', 'bookName', '0', '0', '1', '1', '1', '1', '1', 'LIKE', 'input', '', 2, 'admin', '2023-12-10 07:41:30', '', '2023-12-10 12:45:27');
INSERT INTO `gen_table_column` VALUES (76, 14, 'author', '作者', 'varchar(10)', 'String', 'author', '0', '0', '1', '1', '1', '1', '1', 'LIKE', 'input', '', 3, 'admin', '2023-12-10 07:41:30', '', '2023-12-10 12:45:27');
INSERT INTO `gen_table_column` VALUES (77, 14, 'book_type', '类型', 'varchar(10)', 'String', 'bookType', '0', '0', '0', '1', '1', '1', '1', 'LIKE', 'select', '', 4, 'admin', '2023-12-10 07:41:30', '', '2023-12-10 12:45:27');
INSERT INTO `gen_table_column` VALUES (78, 14, 'book_price', '价格', 'float(10,2)', 'BigDecimal', 'bookPrice', '0', '0', '0', '1', '1', '1', '1', 'EQ', 'input', '', 5, 'admin', '2023-12-10 07:41:30', '', '2023-12-10 12:45:27');
INSERT INTO `gen_table_column` VALUES (79, 14, 'publishing_house', '出版商', 'varchar(20)', 'String', 'publishingHouse', '0', '0', '0', '1', '1', '1', '1', 'LIKE', 'input', '', 6, 'admin', '2023-12-10 07:41:30', '', '2023-12-10 12:45:27');
INSERT INTO `gen_table_column` VALUES (80, 14, 'summary', '概要', 'varchar(255)', 'String', 'summary', '0', '0', '0', '1', '1', '1', '1', 'LIKE', 'textarea', '', 7, 'admin', '2023-12-10 07:41:30', '', '2023-12-10 12:45:27');
INSERT INTO `gen_table_column` VALUES (81, 14, 'bookshelf_number', '书架序号', 'varchar(20)', 'String', 'bookshelfNumber', '0', '0', '1', '1', '1', '1', '1', 'EQ', 'input', '', 8, 'admin', '2023-12-10 07:41:31', '', '2023-12-10 12:45:27');
INSERT INTO `gen_table_column` VALUES (82, 14, 'collection_number', '收集总数', 'int(11)', 'Long', 'collectionNumber', '0', '0', '0', '1', '1', '1', '1', 'EQ', 'input', '', 9, 'admin', '2023-12-10 07:41:31', '', '2023-12-10 12:45:27');
INSERT INTO `gen_table_column` VALUES (83, 14, 'borrowed_number', '借出数量', 'int(11)', 'Long', 'borrowedNumber', '0', '0', '0', '1', '1', '1', '1', 'EQ', 'input', '', 10, 'admin', '2023-12-10 07:41:31', '', '2023-12-10 12:45:28');
INSERT INTO `gen_table_column` VALUES (84, 14, 'in_libraries_number', '持有数量', 'int(11)', 'Long', 'inLibrariesNumber', '0', '0', '0', '1', '1', '1', '1', 'EQ', 'input', '', 11, 'admin', '2023-12-10 07:41:31', '', '2023-12-10 12:45:28');
INSERT INTO `gen_table_column` VALUES (85, 15, 'bookshelf_number', '书架序号', 'varchar(20)', 'String', 'bookshelfNumber', '1', '0', '0', '1', NULL, NULL, NULL, 'EQ', 'input', '', 1, 'admin', '2023-12-10 07:41:31', '', '2023-12-10 12:47:12');
INSERT INTO `gen_table_column` VALUES (86, 15, 'bookshelf_type', '书架类型', 'varchar(20)', 'String', 'bookshelfType', '0', '0', '0', '1', '1', '1', '1', 'LIKE', 'input', '', 2, 'admin', '2023-12-10 07:41:31', '', '2023-12-10 12:47:12');
INSERT INTO `gen_table_column` VALUES (87, 16, 'card_number', '人卡号', 'bigint(20)', 'Long', 'cardNumber', '1', '0', '0', '1', NULL, NULL, NULL, 'EQ', 'input', '', 1, 'admin', '2023-12-10 07:41:31', '', '2023-12-10 14:00:39');
INSERT INTO `gen_table_column` VALUES (88, 16, 'book_number', '书序号', 'bigint(20)', 'Long', 'bookNumber', '1', '0', '0', '1', NULL, NULL, NULL, 'EQ', 'input', '', 2, 'admin', '2023-12-10 07:41:31', '', '2023-12-10 14:00:39');
INSERT INTO `gen_table_column` VALUES (89, 16, 'book_borrow_time', '借出时间', 'datetime', 'Date', 'bookBorrowTime', '0', '0', '0', '1', '1', '1', '1', 'EQ', 'datetime', '', 3, 'admin', '2023-12-10 07:41:31', '', '2023-12-10 14:00:39');
INSERT INTO `gen_table_column` VALUES (90, 16, 'book_return_time', '归还时间', 'datetime', 'Date', 'bookReturnTime', '0', '0', '0', '1', '1', '1', '1', 'EQ', 'datetime', '', 4, 'admin', '2023-12-10 07:41:31', '', '2023-12-10 14:00:39');
INSERT INTO `gen_table_column` VALUES (91, 16, 'is_return', '是否还书', 'int(11)', 'Long', 'isReturn', '0', '0', '0', '1', '1', '1', '1', 'EQ', 'input', '', 5, 'admin', '2023-12-10 07:41:32', '', '2023-12-10 14:00:40');
INSERT INTO `gen_table_column` VALUES (92, 17, 'card_number', '卡号', 'bigint(20)', 'Long', 'cardNumber', '1', '0', '0', '1', NULL, NULL, NULL, 'EQ', 'input', '', 1, 'admin', '2023-12-10 07:41:38', '', '2023-12-11 01:22:22');
INSERT INTO `gen_table_column` VALUES (93, 17, 'reader_name', '读者姓名', 'varchar(20)', 'String', 'readerName', '0', '0', '1', '1', '1', '1', '1', 'LIKE', 'input', '', 2, 'admin', '2023-12-10 07:41:38', '', '2023-12-11 01:22:22');
INSERT INTO `gen_table_column` VALUES (94, 17, 'reader_type', '读者类型', 'varchar(255)', 'String', 'readerType', '0', '0', '1', '1', '1', '1', '1', 'EQ', 'input', '', 3, 'admin', '2023-12-10 07:41:38', '', '2023-12-11 01:22:22');
INSERT INTO `gen_table_column` VALUES (95, 17, 'sex', '性别', 'varchar(2)', 'String', 'sex', '0', '0', '0', '1', '1', '1', '1', 'EQ', 'input', '', 4, 'admin', '2023-12-10 07:41:38', '', '2023-12-11 01:22:22');
INSERT INTO `gen_table_column` VALUES (96, 17, 'borrowing_number', '借阅中数量', 'int(11)', 'Long', 'borrowingNumber', '0', '0', '0', '1', '1', '1', '1', 'EQ', 'input', '', 5, 'admin', '2023-12-10 07:41:39', '', '2023-12-11 01:22:22');
INSERT INTO `gen_table_column` VALUES (97, 17, 'borrowed_number', '已归还数量', 'int(11)', 'Long', 'borrowedNumber', '0', '0', '0', '1', '1', '1', '1', 'EQ', 'input', '', 6, 'admin', '2023-12-10 07:41:39', '', '2023-12-11 01:22:22');
INSERT INTO `gen_table_column` VALUES (98, 18, 'staff_id', '员工号', 'bigint(20)', 'Long', 'staffId', '1', '0', '0', '1', NULL, NULL, NULL, 'EQ', 'input', '', 1, 'admin', '2023-12-10 07:41:39', '', '2023-12-11 02:03:28');
INSERT INTO `gen_table_column` VALUES (99, 18, 'staff_name', '员工姓名', 'varchar(10)', 'String', 'staffName', '0', '0', '0', '1', '1', '1', '1', 'LIKE', 'input', '', 2, 'admin', '2023-12-10 07:41:39', '', '2023-12-11 02:03:28');
INSERT INTO `gen_table_column` VALUES (100, 18, 'staff_office', '员工科室', 'varchar(10)', 'String', 'staffOffice', '0', '0', '0', '1', '1', '1', '1', 'EQ', 'input', '', 3, 'admin', '2023-12-10 07:41:39', '', '2023-12-11 02:03:28');
INSERT INTO `gen_table_column` VALUES (101, 18, 'staff_wages', '员工薪资', 'float(255,2)', 'BigDecimal', 'staffWages', '0', '0', '0', '1', '1', '1', '1', 'EQ', 'input', '', 4, 'admin', '2023-12-10 07:41:39', '', '2023-12-11 02:03:28');
INSERT INTO `gen_table_column` VALUES (102, 19, 'user_type', '用户类型', 'varchar(10)', 'String', 'userType', '1', '0', '0', '1', NULL, NULL, NULL, 'EQ', 'input', '', 1, 'admin', '2023-12-10 07:41:46', '', '2023-12-11 02:27:12');
INSERT INTO `gen_table_column` VALUES (103, 19, 'can_borrowing_time', '最长借阅时间', 'int(11)', 'Long', 'canBorrowingTime', '0', '0', '0', '1', '1', '1', '1', 'EQ', 'input', '', 2, 'admin', '2023-12-10 07:41:46', '', '2023-12-11 02:27:12');
INSERT INTO `gen_table_column` VALUES (104, 19, 'can_borrow_number', '同时借阅数量', 'int(11)', 'Long', 'canBorrowNumber', '0', '0', '0', '1', '1', '1', '1', 'EQ', 'input', '', 3, 'admin', '2023-12-10 07:41:46', '', '2023-12-11 02:27:12');

-- ----------------------------
-- Table structure for qrtz_blob_triggers
-- ----------------------------
DROP TABLE IF EXISTS `qrtz_blob_triggers`;
CREATE TABLE `qrtz_blob_triggers`  (
  `sched_name` varchar(120) CHARACTER SET utf8 COLLATE utf8_general_ci NOT NULL COMMENT '调度名称',
  `trigger_name` varchar(200) CHARACTER SET utf8 COLLATE utf8_general_ci NOT NULL COMMENT 'qrtz_triggers表trigger_name的外键',
  `trigger_group` varchar(200) CHARACTER SET utf8 COLLATE utf8_general_ci NOT NULL COMMENT 'qrtz_triggers表trigger_group的外键',
  `blob_data` blob COMMENT '存放持久化Trigger对象',
  PRIMARY KEY (`sched_name`, `trigger_name`, `trigger_group`) USING BTREE,
  CONSTRAINT `qrtz_blob_triggers_ibfk_1` FOREIGN KEY (`sched_name`, `trigger_name`, `trigger_group`) REFERENCES `qrtz_triggers` (`sched_name`, `trigger_name`, `trigger_group`) ON DELETE RESTRICT ON UPDATE RESTRICT
) ENGINE = InnoDB CHARACTER SET = utf8 COLLATE = utf8_general_ci COMMENT = 'Blob类型的触发器表' ROW_FORMAT = Compact;

-- ----------------------------
-- Table structure for qrtz_calendars
-- ----------------------------
DROP TABLE IF EXISTS `qrtz_calendars`;
CREATE TABLE `qrtz_calendars`  (
  `sched_name` varchar(120) CHARACTER SET utf8 COLLATE utf8_general_ci NOT NULL COMMENT '调度名称',
  `calendar_name` varchar(200) CHARACTER SET utf8 COLLATE utf8_general_ci NOT NULL COMMENT '日历名称',
  `calendar` blob NOT NULL COMMENT '存放持久化calendar对象',
  PRIMARY KEY (`sched_name`, `calendar_name`) USING BTREE
) ENGINE = InnoDB CHARACTER SET = utf8 COLLATE = utf8_general_ci COMMENT = '日历信息表' ROW_FORMAT = Compact;

-- ----------------------------
-- Table structure for qrtz_cron_triggers
-- ----------------------------
DROP TABLE IF EXISTS `qrtz_cron_triggers`;
CREATE TABLE `qrtz_cron_triggers`  (
  `sched_name` varchar(120) CHARACTER SET utf8 COLLATE utf8_general_ci NOT NULL COMMENT '调度名称',
  `trigger_name` varchar(200) CHARACTER SET utf8 COLLATE utf8_general_ci NOT NULL COMMENT 'qrtz_triggers表trigger_name的外键',
  `trigger_group` varchar(200) CHARACTER SET utf8 COLLATE utf8_general_ci NOT NULL COMMENT 'qrtz_triggers表trigger_group的外键',
  `cron_expression` varchar(200) CHARACTER SET utf8 COLLATE utf8_general_ci NOT NULL COMMENT 'cron表达式',
  `time_zone_id` varchar(80) CHARACTER SET utf8 COLLATE utf8_general_ci DEFAULT NULL COMMENT '时区',
  PRIMARY KEY (`sched_name`, `trigger_name`, `trigger_group`) USING BTREE,
  CONSTRAINT `qrtz_cron_triggers_ibfk_1` FOREIGN KEY (`sched_name`, `trigger_name`, `trigger_group`) REFERENCES `qrtz_triggers` (`sched_name`, `trigger_name`, `trigger_group`) ON DELETE RESTRICT ON UPDATE RESTRICT
) ENGINE = InnoDB CHARACTER SET = utf8 COLLATE = utf8_general_ci COMMENT = 'Cron类型的触发器表' ROW_FORMAT = Compact;

-- ----------------------------
-- Table structure for qrtz_fired_triggers
-- ----------------------------
DROP TABLE IF EXISTS `qrtz_fired_triggers`;
CREATE TABLE `qrtz_fired_triggers`  (
  `sched_name` varchar(120) CHARACTER SET utf8 COLLATE utf8_general_ci NOT NULL COMMENT '调度名称',
  `entry_id` varchar(95) CHARACTER SET utf8 COLLATE utf8_general_ci NOT NULL COMMENT '调度器实例id',
  `trigger_name` varchar(200) CHARACTER SET utf8 COLLATE utf8_general_ci NOT NULL COMMENT 'qrtz_triggers表trigger_name的外键',
  `trigger_group` varchar(200) CHARACTER SET utf8 COLLATE utf8_general_ci NOT NULL COMMENT 'qrtz_triggers表trigger_group的外键',
  `instance_name` varchar(200) CHARACTER SET utf8 COLLATE utf8_general_ci NOT NULL COMMENT '调度器实例名',
  `fired_time` bigint(20) NOT NULL COMMENT '触发的时间',
  `sched_time` bigint(20) NOT NULL COMMENT '定时器制定的时间',
  `priority` int(11) NOT NULL COMMENT '优先级',
  `state` varchar(16) CHARACTER SET utf8 COLLATE utf8_general_ci NOT NULL COMMENT '状态',
  `job_name` varchar(200) CHARACTER SET utf8 COLLATE utf8_general_ci DEFAULT NULL COMMENT '任务名称',
  `job_group` varchar(200) CHARACTER SET utf8 COLLATE utf8_general_ci DEFAULT NULL COMMENT '任务组名',
  `is_nonconcurrent` varchar(1) CHARACTER SET utf8 COLLATE utf8_general_ci DEFAULT NULL COMMENT '是否并发',
  `requests_recovery` varchar(1) CHARACTER SET utf8 COLLATE utf8_general_ci DEFAULT NULL COMMENT '是否接受恢复执行',
  PRIMARY KEY (`sched_name`, `entry_id`) USING BTREE
) ENGINE = InnoDB CHARACTER SET = utf8 COLLATE = utf8_general_ci COMMENT = '已触发的触发器表' ROW_FORMAT = Compact;

-- ----------------------------
-- Table structure for qrtz_job_details
-- ----------------------------
DROP TABLE IF EXISTS `qrtz_job_details`;
CREATE TABLE `qrtz_job_details`  (
  `sched_name` varchar(120) CHARACTER SET utf8 COLLATE utf8_general_ci NOT NULL COMMENT '调度名称',
  `job_name` varchar(200) CHARACTER SET utf8 COLLATE utf8_general_ci NOT NULL COMMENT '任务名称',
  `job_group` varchar(200) CHARACTER SET utf8 COLLATE utf8_general_ci NOT NULL COMMENT '任务组名',
  `description` varchar(250) CHARACTER SET utf8 COLLATE utf8_general_ci DEFAULT NULL COMMENT '相关介绍',
  `job_class_name` varchar(250) CHARACTER SET utf8 COLLATE utf8_general_ci NOT NULL COMMENT '执行任务类名称',
  `is_durable` varchar(1) CHARACTER SET utf8 COLLATE utf8_general_ci NOT NULL COMMENT '是否持久化',
  `is_nonconcurrent` varchar(1) CHARACTER SET utf8 COLLATE utf8_general_ci NOT NULL COMMENT '是否并发',
  `is_update_data` varchar(1) CHARACTER SET utf8 COLLATE utf8_general_ci NOT NULL COMMENT '是否更新数据',
  `requests_recovery` varchar(1) CHARACTER SET utf8 COLLATE utf8_general_ci NOT NULL COMMENT '是否接受恢复执行',
  `job_data` blob COMMENT '存放持久化job对象',
  PRIMARY KEY (`sched_name`, `job_name`, `job_group`) USING BTREE
) ENGINE = InnoDB CHARACTER SET = utf8 COLLATE = utf8_general_ci COMMENT = '任务详细信息表' ROW_FORMAT = Compact;

-- ----------------------------
-- Table structure for qrtz_locks
-- ----------------------------
DROP TABLE IF EXISTS `qrtz_locks`;
CREATE TABLE `qrtz_locks`  (
  `sched_name` varchar(120) CHARACTER SET utf8 COLLATE utf8_general_ci NOT NULL COMMENT '调度名称',
  `lock_name` varchar(40) CHARACTER SET utf8 COLLATE utf8_general_ci NOT NULL COMMENT '悲观锁名称',
  PRIMARY KEY (`sched_name`, `lock_name`) USING BTREE
) ENGINE = InnoDB CHARACTER SET = utf8 COLLATE = utf8_general_ci COMMENT = '存储的悲观锁信息表' ROW_FORMAT = Compact;

-- ----------------------------
-- Table structure for qrtz_paused_trigger_grps
-- ----------------------------
DROP TABLE IF EXISTS `qrtz_paused_trigger_grps`;
CREATE TABLE `qrtz_paused_trigger_grps`  (
  `sched_name` varchar(120) CHARACTER SET utf8 COLLATE utf8_general_ci NOT NULL COMMENT '调度名称',
  `trigger_group` varchar(200) CHARACTER SET utf8 COLLATE utf8_general_ci NOT NULL COMMENT 'qrtz_triggers表trigger_group的外键',
  PRIMARY KEY (`sched_name`, `trigger_group`) USING BTREE
) ENGINE = InnoDB CHARACTER SET = utf8 COLLATE = utf8_general_ci COMMENT = '暂停的触发器表' ROW_FORMAT = Compact;

-- ----------------------------
-- Table structure for qrtz_scheduler_state
-- ----------------------------
DROP TABLE IF EXISTS `qrtz_scheduler_state`;
CREATE TABLE `qrtz_scheduler_state`  (
  `sched_name` varchar(120) CHARACTER SET utf8 COLLATE utf8_general_ci NOT NULL COMMENT '调度名称',
  `instance_name` varchar(200) CHARACTER SET utf8 COLLATE utf8_general_ci NOT NULL COMMENT '实例名称',
  `last_checkin_time` bigint(20) NOT NULL COMMENT '上次检查时间',
  `checkin_interval` bigint(20) NOT NULL COMMENT '检查间隔时间',
  PRIMARY KEY (`sched_name`, `instance_name`) USING BTREE
) ENGINE = InnoDB CHARACTER SET = utf8 COLLATE = utf8_general_ci COMMENT = '调度器状态表' ROW_FORMAT = Compact;

-- ----------------------------
-- Table structure for qrtz_simple_triggers
-- ----------------------------
DROP TABLE IF EXISTS `qrtz_simple_triggers`;
CREATE TABLE `qrtz_simple_triggers`  (
  `sched_name` varchar(120) CHARACTER SET utf8 COLLATE utf8_general_ci NOT NULL COMMENT '调度名称',
  `trigger_name` varchar(200) CHARACTER SET utf8 COLLATE utf8_general_ci NOT NULL COMMENT 'qrtz_triggers表trigger_name的外键',
  `trigger_group` varchar(200) CHARACTER SET utf8 COLLATE utf8_general_ci NOT NULL COMMENT 'qrtz_triggers表trigger_group的外键',
  `repeat_count` bigint(20) NOT NULL COMMENT '重复的次数统计',
  `repeat_interval` bigint(20) NOT NULL COMMENT '重复的间隔时间',
  `times_triggered` bigint(20) NOT NULL COMMENT '已经触发的次数',
  PRIMARY KEY (`sched_name`, `trigger_name`, `trigger_group`) USING BTREE,
  CONSTRAINT `qrtz_simple_triggers_ibfk_1` FOREIGN KEY (`sched_name`, `trigger_name`, `trigger_group`) REFERENCES `qrtz_triggers` (`sched_name`, `trigger_name`, `trigger_group`) ON DELETE RESTRICT ON UPDATE RESTRICT
) ENGINE = InnoDB CHARACTER SET = utf8 COLLATE = utf8_general_ci COMMENT = '简单触发器的信息表' ROW_FORMAT = Compact;

-- ----------------------------
-- Table structure for qrtz_simprop_triggers
-- ----------------------------
DROP TABLE IF EXISTS `qrtz_simprop_triggers`;
CREATE TABLE `qrtz_simprop_triggers`  (
  `sched_name` varchar(120) CHARACTER SET utf8 COLLATE utf8_general_ci NOT NULL COMMENT '调度名称',
  `trigger_name` varchar(200) CHARACTER SET utf8 COLLATE utf8_general_ci NOT NULL COMMENT 'qrtz_triggers表trigger_name的外键',
  `trigger_group` varchar(200) CHARACTER SET utf8 COLLATE utf8_general_ci NOT NULL COMMENT 'qrtz_triggers表trigger_group的外键',
  `str_prop_1` varchar(512) CHARACTER SET utf8 COLLATE utf8_general_ci DEFAULT NULL COMMENT 'String类型的trigger的第一个参数',
  `str_prop_2` varchar(512) CHARACTER SET utf8 COLLATE utf8_general_ci DEFAULT NULL COMMENT 'String类型的trigger的第二个参数',
  `str_prop_3` varchar(512) CHARACTER SET utf8 COLLATE utf8_general_ci DEFAULT NULL COMMENT 'String类型的trigger的第三个参数',
  `int_prop_1` int(11) DEFAULT NULL COMMENT 'int类型的trigger的第一个参数',
  `int_prop_2` int(11) DEFAULT NULL COMMENT 'int类型的trigger的第二个参数',
  `long_prop_1` bigint(20) DEFAULT NULL COMMENT 'long类型的trigger的第一个参数',
  `long_prop_2` bigint(20) DEFAULT NULL COMMENT 'long类型的trigger的第二个参数',
  `dec_prop_1` decimal(13, 4) DEFAULT NULL COMMENT 'decimal类型的trigger的第一个参数',
  `dec_prop_2` decimal(13, 4) DEFAULT NULL COMMENT 'decimal类型的trigger的第二个参数',
  `bool_prop_1` varchar(1) CHARACTER SET utf8 COLLATE utf8_general_ci DEFAULT NULL COMMENT 'Boolean类型的trigger的第一个参数',
  `bool_prop_2` varchar(1) CHARACTER SET utf8 COLLATE utf8_general_ci DEFAULT NULL COMMENT 'Boolean类型的trigger的第二个参数',
  PRIMARY KEY (`sched_name`, `trigger_name`, `trigger_group`) USING BTREE,
  CONSTRAINT `qrtz_simprop_triggers_ibfk_1` FOREIGN KEY (`sched_name`, `trigger_name`, `trigger_group`) REFERENCES `qrtz_triggers` (`sched_name`, `trigger_name`, `trigger_group`) ON DELETE RESTRICT ON UPDATE RESTRICT
) ENGINE = InnoDB CHARACTER SET = utf8 COLLATE = utf8_general_ci COMMENT = '同步机制的行锁表' ROW_FORMAT = Compact;

-- ----------------------------
-- Table structure for qrtz_triggers
-- ----------------------------
DROP TABLE IF EXISTS `qrtz_triggers`;
CREATE TABLE `qrtz_triggers`  (
  `sched_name` varchar(120) CHARACTER SET utf8 COLLATE utf8_general_ci NOT NULL COMMENT '调度名称',
  `trigger_name` varchar(200) CHARACTER SET utf8 COLLATE utf8_general_ci NOT NULL COMMENT '触发器的名字',
  `trigger_group` varchar(200) CHARACTER SET utf8 COLLATE utf8_general_ci NOT NULL COMMENT '触发器所属组的名字',
  `job_name` varchar(200) CHARACTER SET utf8 COLLATE utf8_general_ci NOT NULL COMMENT 'qrtz_job_details表job_name的外键',
  `job_group` varchar(200) CHARACTER SET utf8 COLLATE utf8_general_ci NOT NULL COMMENT 'qrtz_job_details表job_group的外键',
  `description` varchar(250) CHARACTER SET utf8 COLLATE utf8_general_ci DEFAULT NULL COMMENT '相关介绍',
  `next_fire_time` bigint(20) DEFAULT NULL COMMENT '上一次触发时间（毫秒）',
  `prev_fire_time` bigint(20) DEFAULT NULL COMMENT '下一次触发时间（默认为-1表示不触发）',
  `priority` int(11) DEFAULT NULL COMMENT '优先级',
  `trigger_state` varchar(16) CHARACTER SET utf8 COLLATE utf8_general_ci NOT NULL COMMENT '触发器状态',
  `trigger_type` varchar(8) CHARACTER SET utf8 COLLATE utf8_general_ci NOT NULL COMMENT '触发器的类型',
  `start_time` bigint(20) NOT NULL COMMENT '开始时间',
  `end_time` bigint(20) DEFAULT NULL COMMENT '结束时间',
  `calendar_name` varchar(200) CHARACTER SET utf8 COLLATE utf8_general_ci DEFAULT NULL COMMENT '日程表名称',
  `misfire_instr` smallint(6) DEFAULT NULL COMMENT '补偿执行的策略',
  `job_data` blob COMMENT '存放持久化job对象',
  PRIMARY KEY (`sched_name`, `trigger_name`, `trigger_group`) USING BTREE,
  INDEX `sched_name`(`sched_name`, `job_name`, `job_group`) USING BTREE,
  CONSTRAINT `qrtz_triggers_ibfk_1` FOREIGN KEY (`sched_name`, `job_name`, `job_group`) REFERENCES `qrtz_job_details` (`sched_name`, `job_name`, `job_group`) ON DELETE RESTRICT ON UPDATE RESTRICT
) ENGINE = InnoDB CHARACTER SET = utf8 COLLATE = utf8_general_ci COMMENT = '触发器详细信息表' ROW_FORMAT = Compact;

-- ----------------------------
-- Table structure for reader
-- ----------------------------
DROP TABLE IF EXISTS `reader`;
CREATE TABLE `reader`  (
  `card_number` bigint(20) NOT NULL COMMENT '卡号',
  `reader_name` varchar(20) CHARACTER SET utf8 COLLATE utf8_general_ci NOT NULL COMMENT '读者姓名',
  `reader_type` varchar(255) CHARACTER SET utf8 COLLATE utf8_general_ci NOT NULL COMMENT '读者类型',
  `sex` varchar(2) CHARACTER SET utf8 COLLATE utf8_general_ci NOT NULL COMMENT '性别',
  `borrowing_number` int(11) DEFAULT NULL COMMENT '借阅中数量',
  `borrowed_number` int(11) DEFAULT NULL COMMENT '已归还数量',
  PRIMARY KEY (`card_number`) USING BTREE
) ENGINE = InnoDB CHARACTER SET = utf8 COLLATE = utf8_general_ci COMMENT = '读者' ROW_FORMAT = Compact;

-- ----------------------------
-- Records of reader
-- ----------------------------
INSERT INTO `reader` VALUES (10964443, '大二菜狗', '白银会员', '1', 6, 15);
INSERT INTO `reader` VALUES (11111111, '玄桃K', '星耀会员', '1', 55, 5570);
INSERT INTO `reader` VALUES (12358364, '大零卷王', '星耀会员', '0', 50, 50000);
INSERT INTO `reader` VALUES (12389865, '大三油条', '黄金会员', '1', 45, 120);
INSERT INTO `reader` VALUES (13127048, '大四牛马', '铂金会员', '0', 88, 900);
INSERT INTO `reader` VALUES (15474730, '大一新生', '青铜会员', '0', 1, 1);
INSERT INTO `reader` VALUES (17425303, '大五浪人', '钻石会员', '1', 0, 9999);

-- ----------------------------
-- Table structure for staff
-- ----------------------------
DROP TABLE IF EXISTS `staff`;
CREATE TABLE `staff`  (
  `staff_id` bigint(20) NOT NULL COMMENT '员工号',
  `staff_name` varchar(10) CHARACTER SET utf8 COLLATE utf8_general_ci DEFAULT NULL COMMENT '员工姓名',
  `staff_office` varchar(10) CHARACTER SET utf8 COLLATE utf8_general_ci DEFAULT NULL COMMENT '员工科室',
  `staff_wages` float(255, 2) DEFAULT NULL COMMENT '员工薪资',
  PRIMARY KEY (`staff_id`) USING BTREE
) ENGINE = InnoDB CHARACTER SET = utf8 COLLATE = utf8_general_ci COMMENT = '员工' ROW_FORMAT = Compact;

-- ----------------------------
-- Records of staff
-- ----------------------------
INSERT INTO `staff` VALUES (10101010, 'A', '总统套房', 514.00);
INSERT INTO `staff` VALUES (10101011, 'W', '帝王至尊', 810.00);
INSERT INTO `staff` VALUES (10353939, '项目经理', '碧水龙庭', 114514.00);
INSERT INTO `staff` VALUES (11111111, 'SpadeK', '豪华包间', 114.00);
INSERT INTO `staff` VALUES (14652287, '前端牛马', '打灰包间', 14.00);
INSERT INTO `staff` VALUES (24333692, '后端牛马', '乞丐套房', 26.00);

-- ----------------------------
-- Table structure for sys_config
-- ----------------------------
DROP TABLE IF EXISTS `sys_config`;
CREATE TABLE `sys_config`  (
  `config_id` int(11) NOT NULL AUTO_INCREMENT COMMENT '参数主键',
  `config_name` varchar(100) CHARACTER SET utf8 COLLATE utf8_general_ci DEFAULT '' COMMENT '参数名称',
  `config_key` varchar(100) CHARACTER SET utf8 COLLATE utf8_general_ci DEFAULT '' COMMENT '参数键名',
  `config_value` varchar(500) CHARACTER SET utf8 COLLATE utf8_general_ci DEFAULT '' COMMENT '参数键值',
  `config_type` char(1) CHARACTER SET utf8 COLLATE utf8_general_ci DEFAULT 'N' COMMENT '系统内置（Y是 N否）',
  `create_by` varchar(64) CHARACTER SET utf8 COLLATE utf8_general_ci DEFAULT '' COMMENT '创建者',
  `create_time` datetime(0) DEFAULT NULL COMMENT '创建时间',
  `update_by` varchar(64) CHARACTER SET utf8 COLLATE utf8_general_ci DEFAULT '' COMMENT '更新者',
  `update_time` datetime(0) DEFAULT NULL COMMENT '更新时间',
  `remark` varchar(500) CHARACTER SET utf8 COLLATE utf8_general_ci DEFAULT NULL COMMENT '备注',
  PRIMARY KEY (`config_id`) USING BTREE
) ENGINE = InnoDB AUTO_INCREMENT = 100 CHARACTER SET = utf8 COLLATE = utf8_general_ci COMMENT = '参数配置表' ROW_FORMAT = Compact;

-- ----------------------------
-- Records of sys_config
-- ----------------------------
INSERT INTO `sys_config` VALUES (1, '主框架页-默认皮肤样式名称', 'sys.index.skinName', 'skin-blue', 'Y', 'admin', '2023-12-08 21:00:41', '', NULL, '蓝色 skin-blue、绿色 skin-green、紫色 skin-purple、红色 skin-red、黄色 skin-yellow');
INSERT INTO `sys_config` VALUES (2, '用户管理-账号初始密码', 'sys.user.initPassword', '123456', 'Y', 'admin', '2023-12-08 21:00:41', '', NULL, '初始化密码 123456');
INSERT INTO `sys_config` VALUES (3, '主框架页-侧边栏主题', 'sys.index.sideTheme', 'theme-dark', 'Y', 'admin', '2023-12-08 21:00:41', '', NULL, '深色主题theme-dark，浅色主题theme-light');
INSERT INTO `sys_config` VALUES (4, '账号自助-验证码开关', 'sys.account.captchaEnabled', 'true', 'Y', 'admin', '2023-12-08 21:00:41', '', NULL, '是否开启验证码功能（true开启，false关闭）');
INSERT INTO `sys_config` VALUES (5, '账号自助-是否开启用户注册功能', 'sys.account.registerUser', 'true', 'Y', 'admin', '2023-12-08 21:00:41', 'admin', '2023-12-10 15:12:51', '是否开启注册用户功能（true开启，false关闭）');
INSERT INTO `sys_config` VALUES (6, '用户登录-黑名单列表', 'sys.login.blackIPList', '', 'Y', 'admin', '2023-12-08 21:00:41', '', NULL, '设置登录IP黑名单限制，多个匹配项以;分隔，支持匹配（*通配、网段）');

-- ----------------------------
-- Table structure for sys_dept
-- ----------------------------
DROP TABLE IF EXISTS `sys_dept`;
CREATE TABLE `sys_dept`  (
  `dept_id` bigint(20) NOT NULL AUTO_INCREMENT COMMENT '部门id',
  `parent_id` bigint(20) DEFAULT 0 COMMENT '父部门id',
  `ancestors` varchar(50) CHARACTER SET utf8 COLLATE utf8_general_ci DEFAULT '' COMMENT '祖级列表',
  `dept_name` varchar(30) CHARACTER SET utf8 COLLATE utf8_general_ci DEFAULT '' COMMENT '部门名称',
  `order_num` int(11) DEFAULT 0 COMMENT '显示顺序',
  `leader` varchar(20) CHARACTER SET utf8 COLLATE utf8_general_ci DEFAULT NULL COMMENT '负责人',
  `phone` varchar(11) CHARACTER SET utf8 COLLATE utf8_general_ci DEFAULT NULL COMMENT '联系电话',
  `email` varchar(50) CHARACTER SET utf8 COLLATE utf8_general_ci DEFAULT NULL COMMENT '邮箱',
  `status` char(1) CHARACTER SET utf8 COLLATE utf8_general_ci DEFAULT '0' COMMENT '部门状态（0正常 1停用）',
  `del_flag` char(1) CHARACTER SET utf8 COLLATE utf8_general_ci DEFAULT '0' COMMENT '删除标志（0代表存在 2代表删除）',
  `create_by` varchar(64) CHARACTER SET utf8 COLLATE utf8_general_ci DEFAULT '' COMMENT '创建者',
  `create_time` datetime(0) DEFAULT NULL COMMENT '创建时间',
  `update_by` varchar(64) CHARACTER SET utf8 COLLATE utf8_general_ci DEFAULT '' COMMENT '更新者',
  `update_time` datetime(0) DEFAULT NULL COMMENT '更新时间',
  PRIMARY KEY (`dept_id`) USING BTREE
) ENGINE = InnoDB AUTO_INCREMENT = 203 CHARACTER SET = utf8 COLLATE = utf8_general_ci COMMENT = '部门表' ROW_FORMAT = Compact;

-- ----------------------------
-- Records of sys_dept
-- ----------------------------
INSERT INTO `sys_dept` VALUES (100, 0, '0', '勃兰登保总部', 0, '玄桃K', '15903229338', 'bldb@qq.com', '0', '0', 'admin', '2023-12-08 21:00:40', 'admin', '2023-12-09 15:09:25');
INSERT INTO `sys_dept` VALUES (101, 100, '0,100', '河大图书馆', 1, '河大洗头佬', '15888888888', 'hdtsg@qq.com', '0', '0', 'admin', '2023-12-08 21:00:40', 'admin', '2023-12-09 15:10:11');
INSERT INTO `sys_dept` VALUES (102, 100, '0,100', '长沙分公司', 2, '若依', '15888888888', 'ry@qq.com', '0', '2', 'admin', '2023-12-08 21:00:40', '', NULL);
INSERT INTO `sys_dept` VALUES (103, 101, '0,100,101', '研发部门', 1, '若依', '15888888888', 'ry@qq.com', '0', '0', 'admin', '2023-12-08 21:00:40', '', NULL);
INSERT INTO `sys_dept` VALUES (104, 101, '0,100,101', '市场部门', 2, '若依', '15888888888', 'ry@qq.com', '0', '0', 'admin', '2023-12-08 21:00:40', '', NULL);
INSERT INTO `sys_dept` VALUES (105, 101, '0,100,101', '测试部门', 3, '若依', '15888888888', 'ry@qq.com', '0', '0', 'admin', '2023-12-08 21:00:40', '', NULL);
INSERT INTO `sys_dept` VALUES (106, 101, '0,100,101', '财务部门', 4, '若依', '15888888888', 'ry@qq.com', '0', '0', 'admin', '2023-12-08 21:00:40', '', NULL);
INSERT INTO `sys_dept` VALUES (107, 101, '0,100,101', '运维部门', 5, '若依', '15888888888', 'ry@qq.com', '0', '0', 'admin', '2023-12-08 21:00:40', '', NULL);
INSERT INTO `sys_dept` VALUES (108, 102, '0,100,102', '市场部门', 1, '若依', '15888888888', 'ry@qq.com', '0', '2', 'admin', '2023-12-08 21:00:40', '', NULL);
INSERT INTO `sys_dept` VALUES (109, 102, '0,100,102', '财务部门', 2, '若依', '15888888888', 'ry@qq.com', '0', '2', 'admin', '2023-12-08 21:00:40', '', NULL);
INSERT INTO `sys_dept` VALUES (200, 100, '0,100', '华电图书馆', 1, '葛林', '13960267788', 'gl@gmail.com', '0', '0', 'admin', '2023-12-09 15:11:08', '', NULL);
INSERT INTO `sys_dept` VALUES (201, 100, '0,100', '农大图书馆', 2, '唧哝', '13835214568', 'jn@gmail.com', '0', '0', 'admin', '2023-12-09 15:12:13', '', NULL);
INSERT INTO `sys_dept` VALUES (202, 100, '0,100', '奥地利支部', 1, '赛博牛马', '19198702333', 'sbnm@163.com', '0', '2', 'admin', '2023-12-09 15:13:33', '', NULL);

-- ----------------------------
-- Table structure for sys_dict_data
-- ----------------------------
DROP TABLE IF EXISTS `sys_dict_data`;
CREATE TABLE `sys_dict_data`  (
  `dict_code` bigint(20) NOT NULL AUTO_INCREMENT COMMENT '字典编码',
  `dict_sort` int(11) DEFAULT 0 COMMENT '字典排序',
  `dict_label` varchar(100) CHARACTER SET utf8 COLLATE utf8_general_ci DEFAULT '' COMMENT '字典标签',
  `dict_value` varchar(100) CHARACTER SET utf8 COLLATE utf8_general_ci DEFAULT '' COMMENT '字典键值',
  `dict_type` varchar(100) CHARACTER SET utf8 COLLATE utf8_general_ci DEFAULT '' COMMENT '字典类型',
  `css_class` varchar(100) CHARACTER SET utf8 COLLATE utf8_general_ci DEFAULT NULL COMMENT '样式属性（其他样式扩展）',
  `list_class` varchar(100) CHARACTER SET utf8 COLLATE utf8_general_ci DEFAULT NULL COMMENT '表格回显样式',
  `is_default` char(1) CHARACTER SET utf8 COLLATE utf8_general_ci DEFAULT 'N' COMMENT '是否默认（Y是 N否）',
  `status` char(1) CHARACTER SET utf8 COLLATE utf8_general_ci DEFAULT '0' COMMENT '状态（0正常 1停用）',
  `create_by` varchar(64) CHARACTER SET utf8 COLLATE utf8_general_ci DEFAULT '' COMMENT '创建者',
  `create_time` datetime(0) DEFAULT NULL COMMENT '创建时间',
  `update_by` varchar(64) CHARACTER SET utf8 COLLATE utf8_general_ci DEFAULT '' COMMENT '更新者',
  `update_time` datetime(0) DEFAULT NULL COMMENT '更新时间',
  `remark` varchar(500) CHARACTER SET utf8 COLLATE utf8_general_ci DEFAULT NULL COMMENT '备注',
  PRIMARY KEY (`dict_code`) USING BTREE
) ENGINE = InnoDB AUTO_INCREMENT = 100 CHARACTER SET = utf8 COLLATE = utf8_general_ci COMMENT = '字典数据表' ROW_FORMAT = Compact;

-- ----------------------------
-- Records of sys_dict_data
-- ----------------------------
INSERT INTO `sys_dict_data` VALUES (1, 1, '男', '0', 'sys_user_sex', '', '', 'Y', '0', 'admin', '2023-12-08 21:00:41', '', NULL, '性别男');
INSERT INTO `sys_dict_data` VALUES (2, 2, '女', '1', 'sys_user_sex', '', '', 'N', '0', 'admin', '2023-12-08 21:00:41', '', NULL, '性别女');
INSERT INTO `sys_dict_data` VALUES (3, 3, '未知', '2', 'sys_user_sex', '', '', 'N', '0', 'admin', '2023-12-08 21:00:41', '', NULL, '性别未知');
INSERT INTO `sys_dict_data` VALUES (4, 1, '显示', '0', 'sys_show_hide', '', 'primary', 'Y', '0', 'admin', '2023-12-08 21:00:41', '', NULL, '显示菜单');
INSERT INTO `sys_dict_data` VALUES (5, 2, '隐藏', '1', 'sys_show_hide', '', 'danger', 'N', '0', 'admin', '2023-12-08 21:00:41', '', NULL, '隐藏菜单');
INSERT INTO `sys_dict_data` VALUES (6, 1, '正常', '0', 'sys_normal_disable', '', 'primary', 'Y', '0', 'admin', '2023-12-08 21:00:41', '', NULL, '正常状态');
INSERT INTO `sys_dict_data` VALUES (7, 2, '停用', '1', 'sys_normal_disable', '', 'danger', 'N', '0', 'admin', '2023-12-08 21:00:41', '', NULL, '停用状态');
INSERT INTO `sys_dict_data` VALUES (8, 1, '正常', '0', 'sys_job_status', '', 'primary', 'Y', '0', 'admin', '2023-12-08 21:00:41', '', NULL, '正常状态');
INSERT INTO `sys_dict_data` VALUES (9, 2, '暂停', '1', 'sys_job_status', '', 'danger', 'N', '0', 'admin', '2023-12-08 21:00:41', '', NULL, '停用状态');
INSERT INTO `sys_dict_data` VALUES (10, 1, '默认', 'DEFAULT', 'sys_job_group', '', '', 'Y', '0', 'admin', '2023-12-08 21:00:41', '', NULL, '默认分组');
INSERT INTO `sys_dict_data` VALUES (11, 2, '系统', 'SYSTEM', 'sys_job_group', '', '', 'N', '0', 'admin', '2023-12-08 21:00:41', '', NULL, '系统分组');
INSERT INTO `sys_dict_data` VALUES (12, 1, '是', 'Y', 'sys_yes_no', '', 'primary', 'Y', '0', 'admin', '2023-12-08 21:00:41', '', NULL, '系统默认是');
INSERT INTO `sys_dict_data` VALUES (13, 2, '否', 'N', 'sys_yes_no', '', 'danger', 'N', '0', 'admin', '2023-12-08 21:00:41', '', NULL, '系统默认否');
INSERT INTO `sys_dict_data` VALUES (14, 1, '通知', '1', 'sys_notice_type', '', 'warning', 'Y', '0', 'admin', '2023-12-08 21:00:41', '', NULL, '通知');
INSERT INTO `sys_dict_data` VALUES (15, 2, '公告', '2', 'sys_notice_type', '', 'success', 'N', '0', 'admin', '2023-12-08 21:00:41', '', NULL, '公告');
INSERT INTO `sys_dict_data` VALUES (16, 1, '正常', '0', 'sys_notice_status', '', 'primary', 'Y', '0', 'admin', '2023-12-08 21:00:41', '', NULL, '正常状态');
INSERT INTO `sys_dict_data` VALUES (17, 2, '关闭', '1', 'sys_notice_status', '', 'danger', 'N', '0', 'admin', '2023-12-08 21:00:41', '', NULL, '关闭状态');
INSERT INTO `sys_dict_data` VALUES (18, 99, '其他', '0', 'sys_oper_type', '', 'info', 'N', '0', 'admin', '2023-12-08 21:00:41', '', NULL, '其他操作');
INSERT INTO `sys_dict_data` VALUES (19, 1, '新增', '1', 'sys_oper_type', '', 'info', 'N', '0', 'admin', '2023-12-08 21:00:41', '', NULL, '新增操作');
INSERT INTO `sys_dict_data` VALUES (20, 2, '修改', '2', 'sys_oper_type', '', 'info', 'N', '0', 'admin', '2023-12-08 21:00:41', '', NULL, '修改操作');
INSERT INTO `sys_dict_data` VALUES (21, 3, '删除', '3', 'sys_oper_type', '', 'danger', 'N', '0', 'admin', '2023-12-08 21:00:41', '', NULL, '删除操作');
INSERT INTO `sys_dict_data` VALUES (22, 4, '授权', '4', 'sys_oper_type', '', 'primary', 'N', '0', 'admin', '2023-12-08 21:00:41', '', NULL, '授权操作');
INSERT INTO `sys_dict_data` VALUES (23, 5, '导出', '5', 'sys_oper_type', '', 'warning', 'N', '0', 'admin', '2023-12-08 21:00:41', '', NULL, '导出操作');
INSERT INTO `sys_dict_data` VALUES (24, 6, '导入', '6', 'sys_oper_type', '', 'warning', 'N', '0', 'admin', '2023-12-08 21:00:41', '', NULL, '导入操作');
INSERT INTO `sys_dict_data` VALUES (25, 7, '强退', '7', 'sys_oper_type', '', 'danger', 'N', '0', 'admin', '2023-12-08 21:00:41', '', NULL, '强退操作');
INSERT INTO `sys_dict_data` VALUES (26, 8, '生成代码', '8', 'sys_oper_type', '', 'warning', 'N', '0', 'admin', '2023-12-08 21:00:41', '', NULL, '生成操作');
INSERT INTO `sys_dict_data` VALUES (27, 9, '清空数据', '9', 'sys_oper_type', '', 'danger', 'N', '0', 'admin', '2023-12-08 21:00:41', '', NULL, '清空操作');
INSERT INTO `sys_dict_data` VALUES (28, 1, '成功', '0', 'sys_common_status', '', 'primary', 'N', '0', 'admin', '2023-12-08 21:00:41', '', NULL, '正常状态');
INSERT INTO `sys_dict_data` VALUES (29, 2, '失败', '1', 'sys_common_status', '', 'danger', 'N', '0', 'admin', '2023-12-08 21:00:41', '', NULL, '停用状态');

-- ----------------------------
-- Table structure for sys_dict_type
-- ----------------------------
DROP TABLE IF EXISTS `sys_dict_type`;
CREATE TABLE `sys_dict_type`  (
  `dict_id` bigint(20) NOT NULL AUTO_INCREMENT COMMENT '字典主键',
  `dict_name` varchar(100) CHARACTER SET utf8 COLLATE utf8_general_ci DEFAULT '' COMMENT '字典名称',
  `dict_type` varchar(100) CHARACTER SET utf8 COLLATE utf8_general_ci DEFAULT '' COMMENT '字典类型',
  `status` char(1) CHARACTER SET utf8 COLLATE utf8_general_ci DEFAULT '0' COMMENT '状态（0正常 1停用）',
  `create_by` varchar(64) CHARACTER SET utf8 COLLATE utf8_general_ci DEFAULT '' COMMENT '创建者',
  `create_time` datetime(0) DEFAULT NULL COMMENT '创建时间',
  `update_by` varchar(64) CHARACTER SET utf8 COLLATE utf8_general_ci DEFAULT '' COMMENT '更新者',
  `update_time` datetime(0) DEFAULT NULL COMMENT '更新时间',
  `remark` varchar(500) CHARACTER SET utf8 COLLATE utf8_general_ci DEFAULT NULL COMMENT '备注',
  PRIMARY KEY (`dict_id`) USING BTREE,
  UNIQUE INDEX `dict_type`(`dict_type`) USING BTREE
) ENGINE = InnoDB AUTO_INCREMENT = 100 CHARACTER SET = utf8 COLLATE = utf8_general_ci COMMENT = '字典类型表' ROW_FORMAT = Compact;

-- ----------------------------
-- Records of sys_dict_type
-- ----------------------------
INSERT INTO `sys_dict_type` VALUES (1, '用户性别', 'sys_user_sex', '0', 'admin', '2023-12-08 21:00:41', '', NULL, '用户性别列表');
INSERT INTO `sys_dict_type` VALUES (2, '菜单状态', 'sys_show_hide', '0', 'admin', '2023-12-08 21:00:41', '', NULL, '菜单状态列表');
INSERT INTO `sys_dict_type` VALUES (3, '系统开关', 'sys_normal_disable', '0', 'admin', '2023-12-08 21:00:41', '', NULL, '系统开关列表');
INSERT INTO `sys_dict_type` VALUES (4, '任务状态', 'sys_job_status', '0', 'admin', '2023-12-08 21:00:41', '', NULL, '任务状态列表');
INSERT INTO `sys_dict_type` VALUES (5, '任务分组', 'sys_job_group', '0', 'admin', '2023-12-08 21:00:41', '', NULL, '任务分组列表');
INSERT INTO `sys_dict_type` VALUES (6, '系统是否', 'sys_yes_no', '0', 'admin', '2023-12-08 21:00:41', '', NULL, '系统是否列表');
INSERT INTO `sys_dict_type` VALUES (7, '通知类型', 'sys_notice_type', '0', 'admin', '2023-12-08 21:00:41', '', NULL, '通知类型列表');
INSERT INTO `sys_dict_type` VALUES (8, '通知状态', 'sys_notice_status', '0', 'admin', '2023-12-08 21:00:41', '', NULL, '通知状态列表');
INSERT INTO `sys_dict_type` VALUES (9, '操作类型', 'sys_oper_type', '0', 'admin', '2023-12-08 21:00:41', '', NULL, '操作类型列表');
INSERT INTO `sys_dict_type` VALUES (10, '系统状态', 'sys_common_status', '0', 'admin', '2023-12-08 21:00:41', '', NULL, '登录状态列表');

-- ----------------------------
-- Table structure for sys_job
-- ----------------------------
DROP TABLE IF EXISTS `sys_job`;
CREATE TABLE `sys_job`  (
  `job_id` bigint(20) NOT NULL AUTO_INCREMENT COMMENT '任务ID',
  `job_name` varchar(64) CHARACTER SET utf8 COLLATE utf8_general_ci NOT NULL DEFAULT '' COMMENT '任务名称',
  `job_group` varchar(64) CHARACTER SET utf8 COLLATE utf8_general_ci NOT NULL DEFAULT 'DEFAULT' COMMENT '任务组名',
  `invoke_target` varchar(500) CHARACTER SET utf8 COLLATE utf8_general_ci NOT NULL COMMENT '调用目标字符串',
  `cron_expression` varchar(255) CHARACTER SET utf8 COLLATE utf8_general_ci DEFAULT '' COMMENT 'cron执行表达式',
  `misfire_policy` varchar(20) CHARACTER SET utf8 COLLATE utf8_general_ci DEFAULT '3' COMMENT '计划执行错误策略（1立即执行 2执行一次 3放弃执行）',
  `concurrent` char(1) CHARACTER SET utf8 COLLATE utf8_general_ci DEFAULT '1' COMMENT '是否并发执行（0允许 1禁止）',
  `status` char(1) CHARACTER SET utf8 COLLATE utf8_general_ci DEFAULT '0' COMMENT '状态（0正常 1暂停）',
  `create_by` varchar(64) CHARACTER SET utf8 COLLATE utf8_general_ci DEFAULT '' COMMENT '创建者',
  `create_time` datetime(0) DEFAULT NULL COMMENT '创建时间',
  `update_by` varchar(64) CHARACTER SET utf8 COLLATE utf8_general_ci DEFAULT '' COMMENT '更新者',
  `update_time` datetime(0) DEFAULT NULL COMMENT '更新时间',
  `remark` varchar(500) CHARACTER SET utf8 COLLATE utf8_general_ci DEFAULT '' COMMENT '备注信息',
  PRIMARY KEY (`job_id`, `job_name`, `job_group`) USING BTREE
) ENGINE = InnoDB AUTO_INCREMENT = 100 CHARACTER SET = utf8 COLLATE = utf8_general_ci COMMENT = '定时任务调度表' ROW_FORMAT = Compact;

-- ----------------------------
-- Records of sys_job
-- ----------------------------
INSERT INTO `sys_job` VALUES (1, '系统默认（无参）', 'DEFAULT', 'ryTask.ryNoParams', '0/10 * * * * ?', '3', '1', '1', 'admin', '2023-12-08 21:00:41', '', NULL, '');
INSERT INTO `sys_job` VALUES (2, '系统默认（有参）', 'DEFAULT', 'ryTask.ryParams(\'ry\')', '0/15 * * * * ?', '3', '1', '1', 'admin', '2023-12-08 21:00:41', '', NULL, '');
INSERT INTO `sys_job` VALUES (3, '系统默认（多参）', 'DEFAULT', 'ryTask.ryMultipleParams(\'ry\', true, 2000L, 316.50D, 100)', '0/20 * * * * ?', '3', '1', '1', 'admin', '2023-12-08 21:00:41', '', NULL, '');

-- ----------------------------
-- Table structure for sys_job_log
-- ----------------------------
DROP TABLE IF EXISTS `sys_job_log`;
CREATE TABLE `sys_job_log`  (
  `job_log_id` bigint(20) NOT NULL AUTO_INCREMENT COMMENT '任务日志ID',
  `job_name` varchar(64) CHARACTER SET utf8 COLLATE utf8_general_ci NOT NULL COMMENT '任务名称',
  `job_group` varchar(64) CHARACTER SET utf8 COLLATE utf8_general_ci NOT NULL COMMENT '任务组名',
  `invoke_target` varchar(500) CHARACTER SET utf8 COLLATE utf8_general_ci NOT NULL COMMENT '调用目标字符串',
  `job_message` varchar(500) CHARACTER SET utf8 COLLATE utf8_general_ci DEFAULT NULL COMMENT '日志信息',
  `status` char(1) CHARACTER SET utf8 COLLATE utf8_general_ci DEFAULT '0' COMMENT '执行状态（0正常 1失败）',
  `exception_info` varchar(2000) CHARACTER SET utf8 COLLATE utf8_general_ci DEFAULT '' COMMENT '异常信息',
  `create_time` datetime(0) DEFAULT NULL COMMENT '创建时间',
  PRIMARY KEY (`job_log_id`) USING BTREE
) ENGINE = InnoDB AUTO_INCREMENT = 1 CHARACTER SET = utf8 COLLATE = utf8_general_ci COMMENT = '定时任务调度日志表' ROW_FORMAT = Compact;

-- ----------------------------
-- Table structure for sys_logininfor
-- ----------------------------
DROP TABLE IF EXISTS `sys_logininfor`;
CREATE TABLE `sys_logininfor`  (
  `info_id` bigint(20) NOT NULL AUTO_INCREMENT COMMENT '访问ID',
  `user_name` varchar(50) CHARACTER SET utf8 COLLATE utf8_general_ci DEFAULT '' COMMENT '用户账号',
  `ipaddr` varchar(128) CHARACTER SET utf8 COLLATE utf8_general_ci DEFAULT '' COMMENT '登录IP地址',
  `login_location` varchar(255) CHARACTER SET utf8 COLLATE utf8_general_ci DEFAULT '' COMMENT '登录地点',
  `browser` varchar(50) CHARACTER SET utf8 COLLATE utf8_general_ci DEFAULT '' COMMENT '浏览器类型',
  `os` varchar(50) CHARACTER SET utf8 COLLATE utf8_general_ci DEFAULT '' COMMENT '操作系统',
  `status` char(1) CHARACTER SET utf8 COLLATE utf8_general_ci DEFAULT '0' COMMENT '登录状态（0成功 1失败）',
  `msg` varchar(255) CHARACTER SET utf8 COLLATE utf8_general_ci DEFAULT '' COMMENT '提示消息',
  `login_time` datetime(0) DEFAULT NULL COMMENT '访问时间',
  PRIMARY KEY (`info_id`) USING BTREE,
  INDEX `idx_sys_logininfor_s`(`status`) USING BTREE,
  INDEX `idx_sys_logininfor_lt`(`login_time`) USING BTREE
) ENGINE = InnoDB AUTO_INCREMENT = 30 CHARACTER SET = utf8 COLLATE = utf8_general_ci COMMENT = '系统访问记录' ROW_FORMAT = Compact;

-- ----------------------------
-- Records of sys_logininfor
-- ----------------------------
INSERT INTO `sys_logininfor` VALUES (1, 'admin', '127.0.0.1', '内网IP', 'Chrome 11', 'Windows 10', '0', '登录成功', '2023-12-09 16:12:04');
INSERT INTO `sys_logininfor` VALUES (2, 'admin', '127.0.0.1', '内网IP', 'Chrome 11', 'Windows 10', '0', '登录成功', '2023-12-09 19:47:48');
INSERT INTO `sys_logininfor` VALUES (3, 'admin', '127.0.0.1', '内网IP', 'Chrome 11', 'Windows 10', '0', '登录成功', '2023-12-10 10:01:17');
INSERT INTO `sys_logininfor` VALUES (4, 'admin', '127.0.0.1', '内网IP', 'Chrome 11', 'Windows 10', '1', '验证码错误', '2023-12-10 11:39:11');
INSERT INTO `sys_logininfor` VALUES (5, 'admin', '127.0.0.1', '内网IP', 'Chrome 11', 'Windows 10', '0', '登录成功', '2023-12-10 11:39:16');
INSERT INTO `sys_logininfor` VALUES (6, 'admin', '127.0.0.1', '内网IP', 'Chrome 11', 'Windows 10', '0', '登录成功', '2023-12-10 14:35:12');
INSERT INTO `sys_logininfor` VALUES (7, 'admin', '127.0.0.1', '内网IP', 'Chrome 11', 'Windows 10', '0', '登录成功', '2023-12-10 15:11:25');
INSERT INTO `sys_logininfor` VALUES (8, 'admin', '127.0.0.1', '内网IP', 'Chrome 11', 'Windows 10', '0', '退出成功', '2023-12-10 15:14:03');
INSERT INTO `sys_logininfor` VALUES (9, 'HBUAdmin', '127.0.0.1', '内网IP', 'Chrome 11', 'Windows 10', '0', '注册成功', '2023-12-10 15:14:30');
INSERT INTO `sys_logininfor` VALUES (10, 'HBUadmin', '127.0.0.1', '内网IP', 'Chrome 11', 'Windows 10', '1', '密码输入错误1次', '2023-12-10 15:14:49');
INSERT INTO `sys_logininfor` VALUES (11, 'HBUadmin', '127.0.0.1', '内网IP', 'Chrome 11', 'Windows 10', '1', '用户不存在/密码错误', '2023-12-10 15:14:49');
INSERT INTO `sys_logininfor` VALUES (12, 'HBUadmin', '127.0.0.1', '内网IP', 'Chrome 11', 'Windows 10', '1', '验证码错误', '2023-12-10 15:14:53');
INSERT INTO `sys_logininfor` VALUES (13, 'HBUadmin', '127.0.0.1', '内网IP', 'Chrome 11', 'Windows 10', '0', '登录成功', '2023-12-10 15:14:56');
INSERT INTO `sys_logininfor` VALUES (14, 'HBUAdmin', '127.0.0.1', '内网IP', 'Chrome 11', 'Windows 10', '0', '退出成功', '2023-12-10 15:16:00');
INSERT INTO `sys_logininfor` VALUES (15, 'admin', '127.0.0.1', '内网IP', 'Chrome 11', 'Windows 10', '0', '登录成功', '2023-12-10 15:16:05');
INSERT INTO `sys_logininfor` VALUES (16, 'admin', '127.0.0.1', '内网IP', 'Chrome 11', 'Windows 10', '0', '退出成功', '2023-12-10 15:18:48');
INSERT INTO `sys_logininfor` VALUES (17, 'HBUadmin', '127.0.0.1', '内网IP', 'Chrome 11', 'Windows 10', '1', '密码输入错误1次', '2023-12-10 15:18:58');
INSERT INTO `sys_logininfor` VALUES (18, 'HBUadmin', '127.0.0.1', '内网IP', 'Chrome 11', 'Windows 10', '1', '用户不存在/密码错误', '2023-12-10 15:18:58');
INSERT INTO `sys_logininfor` VALUES (19, 'HBUadmin', '127.0.0.1', '内网IP', 'Chrome 11', 'Windows 10', '0', '登录成功', '2023-12-10 15:19:04');
INSERT INTO `sys_logininfor` VALUES (20, 'HBUAdmin', '127.0.0.1', '内网IP', 'Chrome 11', 'Windows 10', '0', '退出成功', '2023-12-10 15:20:47');
INSERT INTO `sys_logininfor` VALUES (21, 'admin', '127.0.0.1', '内网IP', 'Chrome 11', 'Windows 10', '0', '登录成功', '2023-12-10 15:20:53');
INSERT INTO `sys_logininfor` VALUES (22, 'admin', '127.0.0.1', '内网IP', 'Chrome 11', 'Windows 10', '0', '登录成功', '2023-12-10 15:23:29');
INSERT INTO `sys_logininfor` VALUES (23, 'admin', '127.0.0.1', '内网IP', 'Chrome 11', 'Windows 10', '0', '登录成功', '2023-12-10 07:36:25');
INSERT INTO `sys_logininfor` VALUES (24, 'admin', '127.0.0.1', '内网IP', 'Chrome 11', 'Windows 10', '1', '验证码已失效', '2023-12-10 10:36:26');
INSERT INTO `sys_logininfor` VALUES (25, 'admin', '127.0.0.1', '内网IP', 'Chrome 11', 'Windows 10', '1', '验证码错误', '2023-12-10 10:36:28');
INSERT INTO `sys_logininfor` VALUES (26, 'admin', '127.0.0.1', '内网IP', 'Chrome 11', 'Windows 10', '0', '登录成功', '2023-12-10 10:36:31');
INSERT INTO `sys_logininfor` VALUES (27, 'admin', '127.0.0.1', '内网IP', 'Chrome 11', 'Windows 10', '0', '登录成功', '2023-12-10 11:23:04');
INSERT INTO `sys_logininfor` VALUES (28, 'admin', '127.0.0.1', '内网IP', 'Chrome 11', 'Windows 10', '0', '登录成功', '2023-12-11 01:19:57');
INSERT INTO `sys_logininfor` VALUES (29, 'admin', '127.0.0.1', '内网IP', 'Chrome 11', 'Windows 10', '0', '登录成功', '2023-12-11 06:58:36');

-- ----------------------------
-- Table structure for sys_menu
-- ----------------------------
DROP TABLE IF EXISTS `sys_menu`;
CREATE TABLE `sys_menu`  (
  `menu_id` bigint(20) NOT NULL AUTO_INCREMENT COMMENT '菜单ID',
  `menu_name` varchar(50) CHARACTER SET utf8 COLLATE utf8_general_ci NOT NULL COMMENT '菜单名称',
  `parent_id` bigint(20) DEFAULT 0 COMMENT '父菜单ID',
  `order_num` int(11) DEFAULT 0 COMMENT '显示顺序',
  `path` varchar(200) CHARACTER SET utf8 COLLATE utf8_general_ci DEFAULT '' COMMENT '路由地址',
  `component` varchar(255) CHARACTER SET utf8 COLLATE utf8_general_ci DEFAULT NULL COMMENT '组件路径',
  `query` varchar(255) CHARACTER SET utf8 COLLATE utf8_general_ci DEFAULT NULL COMMENT '路由参数',
  `is_frame` int(11) DEFAULT 1 COMMENT '是否为外链（0是 1否）',
  `is_cache` int(11) DEFAULT 0 COMMENT '是否缓存（0缓存 1不缓存）',
  `menu_type` char(1) CHARACTER SET utf8 COLLATE utf8_general_ci DEFAULT '' COMMENT '菜单类型（M目录 C菜单 F按钮）',
  `visible` char(1) CHARACTER SET utf8 COLLATE utf8_general_ci DEFAULT '0' COMMENT '菜单状态（0显示 1隐藏）',
  `status` char(1) CHARACTER SET utf8 COLLATE utf8_general_ci DEFAULT '0' COMMENT '菜单状态（0正常 1停用）',
  `perms` varchar(100) CHARACTER SET utf8 COLLATE utf8_general_ci DEFAULT NULL COMMENT '权限标识',
  `icon` varchar(100) CHARACTER SET utf8 COLLATE utf8_general_ci DEFAULT '#' COMMENT '菜单图标',
  `create_by` varchar(64) CHARACTER SET utf8 COLLATE utf8_general_ci DEFAULT '' COMMENT '创建者',
  `create_time` datetime(0) DEFAULT NULL COMMENT '创建时间',
  `update_by` varchar(64) CHARACTER SET utf8 COLLATE utf8_general_ci DEFAULT '' COMMENT '更新者',
  `update_time` datetime(0) DEFAULT NULL COMMENT '更新时间',
  `remark` varchar(500) CHARACTER SET utf8 COLLATE utf8_general_ci DEFAULT '' COMMENT '备注',
  PRIMARY KEY (`menu_id`) USING BTREE
) ENGINE = InnoDB AUTO_INCREMENT = 2073 CHARACTER SET = utf8 COLLATE = utf8_general_ci COMMENT = '菜单权限表' ROW_FORMAT = Compact;

-- ----------------------------
-- Records of sys_menu
-- ----------------------------
INSERT INTO `sys_menu` VALUES (1, '核心业务', 0, 1, 'system', NULL, '', 1, 0, 'M', '0', '0', '', 'chart', 'admin', '2023-12-08 21:00:41', 'admin', '2023-12-09 16:46:16', '系统管理目录');
INSERT INTO `sys_menu` VALUES (2, '系统管理', 0, 2, 'monitor', NULL, '', 1, 0, 'M', '0', '0', '', 'druid', 'admin', '2023-12-08 21:00:41', 'admin', '2023-12-09 16:47:07', '系统监控目录');
INSERT INTO `sys_menu` VALUES (3, '系统工具', 0, 3, 'tool', NULL, '', 1, 0, 'M', '0', '0', '', 'tool', 'admin', '2023-12-08 21:00:41', '', NULL, '系统工具目录');
INSERT INTO `sys_menu` VALUES (4, '若依官网', 0, 4, 'http://ruoyi.vip', NULL, '', 1, 0, 'M', '1', '1', '', 'guide', 'admin', '2023-12-08 21:00:41', 'admin', '2023-12-08 21:57:14', '若依官网地址');
INSERT INTO `sys_menu` VALUES (100, '用户管理', 3, 1, 'user', 'system/user/index', '', 1, 1, 'C', '1', '1', 'system:user:list', 'user', 'admin', '2023-12-08 21:00:41', 'admin', '2023-12-09 16:53:59', '用户管理菜单');
INSERT INTO `sys_menu` VALUES (101, '成员管理', 2, 2, 'role', 'system/role/index', '', 1, 0, 'C', '0', '0', 'system:role:list', 'peoples', 'admin', '2023-12-08 21:00:41', 'admin', '2023-12-09 16:51:30', '角色管理菜单');
INSERT INTO `sys_menu` VALUES (102, '菜单选项', 2, 0, 'menu', 'system/menu/index', '', 1, 0, 'C', '0', '0', 'system:menu:list', 'tree-table', 'admin', '2023-12-08 21:00:41', 'admin', '2023-12-10 15:24:35', '菜单管理菜单');
INSERT INTO `sys_menu` VALUES (103, '部门管理', 2, 4, 'dept', 'system/dept/index', '', 1, 1, 'C', '1', '1', 'system:dept:list', 'tree', 'admin', '2023-12-08 21:00:41', 'admin', '2023-12-10 15:22:30', '部门管理菜单');
INSERT INTO `sys_menu` VALUES (104, '岗位管理', 2, 5, 'post', 'system/post/index', '', 1, 0, 'C', '1', '1', 'system:post:list', 'post', 'admin', '2023-12-08 21:00:41', 'admin', '2023-12-09 16:52:09', '岗位管理菜单');
INSERT INTO `sys_menu` VALUES (105, '字典管理', 3, 6, 'dict', 'system/dict/index', '', 1, 1, 'C', '1', '1', 'system:dict:list', 'dict', 'admin', '2023-12-08 21:00:41', 'admin', '2023-12-09 16:53:38', '字典管理菜单');
INSERT INTO `sys_menu` VALUES (106, '参数设置', 3, 7, 'config', 'system/config/index', '', 1, 1, 'C', '1', '1', 'system:config:list', 'edit', 'admin', '2023-12-08 21:00:41', 'admin', '2023-12-10 15:13:20', '参数设置菜单');
INSERT INTO `sys_menu` VALUES (107, '公告板', 1, 9, 'notice', 'system/notice/index', '', 1, 0, 'C', '0', '0', 'system:notice:list', 'tab', 'admin', '2023-12-08 21:00:41', 'HBUAdmin', '2023-12-10 15:20:04', '通知公告菜单');
INSERT INTO `sys_menu` VALUES (108, '系统日志', 3, 9, 'log', '', '', 1, 0, 'M', '1', '1', '', 'log', 'admin', '2023-12-08 21:00:41', 'admin', '2023-12-09 16:55:08', '日志管理菜单');
INSERT INTO `sys_menu` VALUES (109, '当前在线', 3, 1, 'online', 'monitor/online/index', '', 1, 1, 'C', '1', '1', 'monitor:online:list', 'online', 'admin', '2023-12-08 21:00:41', 'admin', '2023-12-09 16:49:32', '在线用户菜单');
INSERT INTO `sys_menu` VALUES (110, '定时任务', 3, 2, 'job', 'monitor/job/index', '', 1, 1, 'C', '1', '1', 'monitor:job:list', 'job', 'admin', '2023-12-08 21:00:41', 'admin', '2023-12-09 16:49:09', '定时任务菜单');
INSERT INTO `sys_menu` VALUES (111, '数据监控', 2, 3, 'druid', 'monitor/druid/index', '', 1, 1, 'C', '1', '1', 'monitor:druid:list', 'druid', 'admin', '2023-12-08 21:00:41', 'admin', '2023-12-09 16:48:54', '数据监控菜单');
INSERT INTO `sys_menu` VALUES (112, '服务监控', 2, 4, 'server', 'monitor/server/index', '', 1, 1, 'C', '1', '1', 'monitor:server:list', 'server', 'admin', '2023-12-08 21:00:41', 'admin', '2023-12-09 16:48:58', '服务监控菜单');
INSERT INTO `sys_menu` VALUES (113, '缓存监控', 2, 5, 'cache', 'monitor/cache/index', '', 1, 1, 'C', '1', '1', 'monitor:cache:list', 'redis', 'admin', '2023-12-08 21:00:41', 'admin', '2023-12-10 15:24:13', '缓存监控菜单');
INSERT INTO `sys_menu` VALUES (114, '缓存列表', 3, 6, 'cacheList', 'monitor/cache/list', '', 1, 0, 'C', '1', '1', 'monitor:cache:list', 'redis-list', 'admin', '2023-12-08 21:00:41', 'admin', '2023-12-09 16:51:12', '缓存列表菜单');
INSERT INTO `sys_menu` VALUES (115, '表单构建', 3, 1, 'build', 'tool/build/index', '', 1, 1, 'C', '1', '1', 'tool:build:list', 'build', 'admin', '2023-12-08 21:00:41', 'admin', '2023-12-09 15:24:31', '表单构建菜单');
INSERT INTO `sys_menu` VALUES (116, '代码生成', 3, 2, 'gen', 'tool/gen/index', '', 1, 1, 'C', '1', '1', 'tool:gen:list', 'code', 'admin', '2023-12-08 21:00:41', 'admin', '2023-12-11 02:47:43', '代码生成菜单');
INSERT INTO `sys_menu` VALUES (117, '接口文档', 3, 3, 'swagger', 'tool/swagger/index', '', 1, 0, 'C', '0', '0', 'tool:swagger:list', 'swagger', 'admin', '2023-12-08 21:00:41', 'admin', '2023-12-09 15:30:02', '系统接口菜单');
INSERT INTO `sys_menu` VALUES (500, '操作日志', 108, 1, 'operlog', 'monitor/operlog/index', '', 1, 1, 'C', '1', '1', 'monitor:operlog:list', 'form', 'admin', '2023-12-08 21:00:41', 'admin', '2023-12-09 16:48:04', '操作日志菜单');
INSERT INTO `sys_menu` VALUES (501, '登录日志', 108, 2, 'logininfor', 'monitor/logininfor/index', '', 1, 0, 'C', '0', '0', 'monitor:logininfor:list', 'logininfor', 'admin', '2023-12-08 21:00:41', '', NULL, '登录日志菜单');
INSERT INTO `sys_menu` VALUES (1000, '用户查询', 100, 1, '', '', '', 1, 0, 'F', '0', '0', 'system:user:query', '#', 'admin', '2023-12-08 21:00:41', '', NULL, '');
INSERT INTO `sys_menu` VALUES (1001, '用户新增', 100, 2, '', '', '', 1, 0, 'F', '0', '0', 'system:user:add', '#', 'admin', '2023-12-08 21:00:41', '', NULL, '');
INSERT INTO `sys_menu` VALUES (1002, '用户修改', 100, 3, '', '', '', 1, 0, 'F', '0', '0', 'system:user:edit', '#', 'admin', '2023-12-08 21:00:41', '', NULL, '');
INSERT INTO `sys_menu` VALUES (1003, '用户删除', 100, 4, '', '', '', 1, 0, 'F', '0', '0', 'system:user:remove', '#', 'admin', '2023-12-08 21:00:41', '', NULL, '');
INSERT INTO `sys_menu` VALUES (1004, '用户导出', 100, 5, '', '', '', 1, 0, 'F', '0', '0', 'system:user:export', '#', 'admin', '2023-12-08 21:00:41', '', NULL, '');
INSERT INTO `sys_menu` VALUES (1005, '用户导入', 100, 6, '', '', '', 1, 0, 'F', '0', '0', 'system:user:import', '#', 'admin', '2023-12-08 21:00:41', '', NULL, '');
INSERT INTO `sys_menu` VALUES (1006, '重置密码', 100, 7, '', '', '', 1, 0, 'F', '0', '0', 'system:user:resetPwd', '#', 'admin', '2023-12-08 21:00:41', '', NULL, '');
INSERT INTO `sys_menu` VALUES (1007, '角色查询', 101, 1, '', '', '', 1, 0, 'F', '0', '0', 'system:role:query', '#', 'admin', '2023-12-08 21:00:41', '', NULL, '');
INSERT INTO `sys_menu` VALUES (1008, '角色新增', 101, 2, '', '', '', 1, 0, 'F', '0', '0', 'system:role:add', '#', 'admin', '2023-12-08 21:00:41', '', NULL, '');
INSERT INTO `sys_menu` VALUES (1009, '角色修改', 101, 3, '', '', '', 1, 0, 'F', '0', '0', 'system:role:edit', '#', 'admin', '2023-12-08 21:00:41', '', NULL, '');
INSERT INTO `sys_menu` VALUES (1010, '角色删除', 101, 4, '', '', '', 1, 0, 'F', '0', '0', 'system:role:remove', '#', 'admin', '2023-12-08 21:00:41', '', NULL, '');
INSERT INTO `sys_menu` VALUES (1011, '角色导出', 101, 5, '', '', '', 1, 0, 'F', '0', '0', 'system:role:export', '#', 'admin', '2023-12-08 21:00:41', '', NULL, '');
INSERT INTO `sys_menu` VALUES (1012, '菜单查询', 102, 1, '', '', '', 1, 0, 'F', '0', '0', 'system:menu:query', '#', 'admin', '2023-12-08 21:00:41', '', NULL, '');
INSERT INTO `sys_menu` VALUES (1013, '菜单新增', 102, 2, '', '', '', 1, 0, 'F', '0', '0', 'system:menu:add', '#', 'admin', '2023-12-08 21:00:41', '', NULL, '');
INSERT INTO `sys_menu` VALUES (1014, '菜单修改', 102, 3, '', '', '', 1, 0, 'F', '0', '0', 'system:menu:edit', '#', 'admin', '2023-12-08 21:00:41', '', NULL, '');
INSERT INTO `sys_menu` VALUES (1015, '菜单删除', 102, 4, '', '', '', 1, 0, 'F', '0', '0', 'system:menu:remove', '#', 'admin', '2023-12-08 21:00:41', '', NULL, '');
INSERT INTO `sys_menu` VALUES (1016, '部门查询', 103, 1, '', '', '', 1, 0, 'F', '0', '0', 'system:dept:query', '#', 'admin', '2023-12-08 21:00:41', '', NULL, '');
INSERT INTO `sys_menu` VALUES (1017, '部门新增', 103, 2, '', '', '', 1, 0, 'F', '0', '0', 'system:dept:add', '#', 'admin', '2023-12-08 21:00:41', '', NULL, '');
INSERT INTO `sys_menu` VALUES (1018, '部门修改', 103, 3, '', '', '', 1, 0, 'F', '0', '0', 'system:dept:edit', '#', 'admin', '2023-12-08 21:00:41', '', NULL, '');
INSERT INTO `sys_menu` VALUES (1019, '部门删除', 103, 4, '', '', '', 1, 0, 'F', '0', '0', 'system:dept:remove', '#', 'admin', '2023-12-08 21:00:41', '', NULL, '');
INSERT INTO `sys_menu` VALUES (1020, '岗位查询', 104, 1, '', '', '', 1, 0, 'F', '0', '0', 'system:post:query', '#', 'admin', '2023-12-08 21:00:41', '', NULL, '');
INSERT INTO `sys_menu` VALUES (1021, '岗位新增', 104, 2, '', '', '', 1, 0, 'F', '0', '0', 'system:post:add', '#', 'admin', '2023-12-08 21:00:41', '', NULL, '');
INSERT INTO `sys_menu` VALUES (1022, '岗位修改', 104, 3, '', '', '', 1, 0, 'F', '0', '0', 'system:post:edit', '#', 'admin', '2023-12-08 21:00:41', '', NULL, '');
INSERT INTO `sys_menu` VALUES (1023, '岗位删除', 104, 4, '', '', '', 1, 0, 'F', '0', '0', 'system:post:remove', '#', 'admin', '2023-12-08 21:00:41', '', NULL, '');
INSERT INTO `sys_menu` VALUES (1024, '岗位导出', 104, 5, '', '', '', 1, 0, 'F', '0', '0', 'system:post:export', '#', 'admin', '2023-12-08 21:00:41', '', NULL, '');
INSERT INTO `sys_menu` VALUES (1025, '字典查询', 105, 1, '#', '', '', 1, 0, 'F', '0', '0', 'system:dict:query', '#', 'admin', '2023-12-08 21:00:41', '', NULL, '');
INSERT INTO `sys_menu` VALUES (1026, '字典新增', 105, 2, '#', '', '', 1, 0, 'F', '0', '0', 'system:dict:add', '#', 'admin', '2023-12-08 21:00:41', '', NULL, '');
INSERT INTO `sys_menu` VALUES (1027, '字典修改', 105, 3, '#', '', '', 1, 0, 'F', '0', '0', 'system:dict:edit', '#', 'admin', '2023-12-08 21:00:41', '', NULL, '');
INSERT INTO `sys_menu` VALUES (1028, '字典删除', 105, 4, '#', '', '', 1, 0, 'F', '0', '0', 'system:dict:remove', '#', 'admin', '2023-12-08 21:00:41', '', NULL, '');
INSERT INTO `sys_menu` VALUES (1029, '字典导出', 105, 5, '#', '', '', 1, 0, 'F', '0', '0', 'system:dict:export', '#', 'admin', '2023-12-08 21:00:41', '', NULL, '');
INSERT INTO `sys_menu` VALUES (1030, '参数查询', 106, 1, '#', '', '', 1, 0, 'F', '0', '0', 'system:config:query', '#', 'admin', '2023-12-08 21:00:41', '', NULL, '');
INSERT INTO `sys_menu` VALUES (1031, '参数新增', 106, 2, '#', '', '', 1, 0, 'F', '0', '0', 'system:config:add', '#', 'admin', '2023-12-08 21:00:41', '', NULL, '');
INSERT INTO `sys_menu` VALUES (1032, '参数修改', 106, 3, '#', '', '', 1, 0, 'F', '0', '0', 'system:config:edit', '#', 'admin', '2023-12-08 21:00:41', '', NULL, '');
INSERT INTO `sys_menu` VALUES (1033, '参数删除', 106, 4, '#', '', '', 1, 0, 'F', '0', '0', 'system:config:remove', '#', 'admin', '2023-12-08 21:00:41', '', NULL, '');
INSERT INTO `sys_menu` VALUES (1034, '参数导出', 106, 5, '#', '', '', 1, 0, 'F', '0', '0', 'system:config:export', '#', 'admin', '2023-12-08 21:00:41', '', NULL, '');
INSERT INTO `sys_menu` VALUES (1035, '公告查询', 107, 1, '#', '', '', 1, 0, 'F', '0', '0', 'system:notice:query', '#', 'admin', '2023-12-08 21:00:41', '', NULL, '');
INSERT INTO `sys_menu` VALUES (1036, '公告新增', 107, 2, '#', '', '', 1, 0, 'F', '0', '0', 'system:notice:add', '#', 'admin', '2023-12-08 21:00:41', '', NULL, '');
INSERT INTO `sys_menu` VALUES (1037, '公告修改', 107, 3, '#', '', '', 1, 0, 'F', '0', '0', 'system:notice:edit', '#', 'admin', '2023-12-08 21:00:41', '', NULL, '');
INSERT INTO `sys_menu` VALUES (1038, '公告删除', 107, 4, '#', '', '', 1, 0, 'F', '0', '0', 'system:notice:remove', '#', 'admin', '2023-12-08 21:00:41', '', NULL, '');
INSERT INTO `sys_menu` VALUES (1039, '操作查询', 500, 1, '#', '', '', 1, 0, 'F', '0', '0', 'monitor:operlog:query', '#', 'admin', '2023-12-08 21:00:41', '', NULL, '');
INSERT INTO `sys_menu` VALUES (1040, '操作删除', 500, 2, '#', '', '', 1, 0, 'F', '0', '0', 'monitor:operlog:remove', '#', 'admin', '2023-12-08 21:00:41', '', NULL, '');
INSERT INTO `sys_menu` VALUES (1041, '日志导出', 500, 3, '#', '', '', 1, 0, 'F', '0', '0', 'monitor:operlog:export', '#', 'admin', '2023-12-08 21:00:41', '', NULL, '');
INSERT INTO `sys_menu` VALUES (1042, '登录查询', 501, 1, '#', '', '', 1, 0, 'F', '0', '0', 'monitor:logininfor:query', '#', 'admin', '2023-12-08 21:00:41', '', NULL, '');
INSERT INTO `sys_menu` VALUES (1043, '登录删除', 501, 2, '#', '', '', 1, 0, 'F', '0', '0', 'monitor:logininfor:remove', '#', 'admin', '2023-12-08 21:00:41', '', NULL, '');
INSERT INTO `sys_menu` VALUES (1044, '日志导出', 501, 3, '#', '', '', 1, 0, 'F', '0', '0', 'monitor:logininfor:export', '#', 'admin', '2023-12-08 21:00:41', '', NULL, '');
INSERT INTO `sys_menu` VALUES (1045, '账户解锁', 501, 4, '#', '', '', 1, 0, 'F', '0', '0', 'monitor:logininfor:unlock', '#', 'admin', '2023-12-08 21:00:41', '', NULL, '');
INSERT INTO `sys_menu` VALUES (1046, '在线查询', 109, 1, '#', '', '', 1, 0, 'F', '0', '0', 'monitor:online:query', '#', 'admin', '2023-12-08 21:00:41', '', NULL, '');
INSERT INTO `sys_menu` VALUES (1047, '批量强退', 109, 2, '#', '', '', 1, 0, 'F', '0', '0', 'monitor:online:batchLogout', '#', 'admin', '2023-12-08 21:00:41', '', NULL, '');
INSERT INTO `sys_menu` VALUES (1048, '单条强退', 109, 3, '#', '', '', 1, 0, 'F', '0', '0', 'monitor:online:forceLogout', '#', 'admin', '2023-12-08 21:00:41', '', NULL, '');
INSERT INTO `sys_menu` VALUES (1049, '任务查询', 110, 1, '#', '', '', 1, 0, 'F', '0', '0', 'monitor:job:query', '#', 'admin', '2023-12-08 21:00:41', '', NULL, '');
INSERT INTO `sys_menu` VALUES (1050, '任务新增', 110, 2, '#', '', '', 1, 0, 'F', '0', '0', 'monitor:job:add', '#', 'admin', '2023-12-08 21:00:41', '', NULL, '');
INSERT INTO `sys_menu` VALUES (1051, '任务修改', 110, 3, '#', '', '', 1, 0, 'F', '0', '0', 'monitor:job:edit', '#', 'admin', '2023-12-08 21:00:41', '', NULL, '');
INSERT INTO `sys_menu` VALUES (1052, '任务删除', 110, 4, '#', '', '', 1, 0, 'F', '0', '0', 'monitor:job:remove', '#', 'admin', '2023-12-08 21:00:41', '', NULL, '');
INSERT INTO `sys_menu` VALUES (1053, '状态修改', 110, 5, '#', '', '', 1, 0, 'F', '0', '0', 'monitor:job:changeStatus', '#', 'admin', '2023-12-08 21:00:41', '', NULL, '');
INSERT INTO `sys_menu` VALUES (1054, '任务导出', 110, 6, '#', '', '', 1, 0, 'F', '0', '0', 'monitor:job:export', '#', 'admin', '2023-12-08 21:00:41', '', NULL, '');
INSERT INTO `sys_menu` VALUES (1055, '生成查询', 116, 1, '#', '', '', 1, 0, 'F', '0', '0', 'tool:gen:query', '#', 'admin', '2023-12-08 21:00:41', '', NULL, '');
INSERT INTO `sys_menu` VALUES (1056, '生成修改', 116, 2, '#', '', '', 1, 0, 'F', '0', '0', 'tool:gen:edit', '#', 'admin', '2023-12-08 21:00:41', '', NULL, '');
INSERT INTO `sys_menu` VALUES (1057, '生成删除', 116, 3, '#', '', '', 1, 0, 'F', '0', '0', 'tool:gen:remove', '#', 'admin', '2023-12-08 21:00:41', '', NULL, '');
INSERT INTO `sys_menu` VALUES (1058, '导入代码', 116, 4, '#', '', '', 1, 0, 'F', '0', '0', 'tool:gen:import', '#', 'admin', '2023-12-08 21:00:41', '', NULL, '');
INSERT INTO `sys_menu` VALUES (1059, '预览代码', 116, 5, '#', '', '', 1, 0, 'F', '0', '0', 'tool:gen:preview', '#', 'admin', '2023-12-08 21:00:41', '', NULL, '');
INSERT INTO `sys_menu` VALUES (1060, '生成代码', 116, 6, '#', '', '', 1, 0, 'F', '0', '0', 'tool:gen:code', '#', 'admin', '2023-12-08 21:00:41', '', NULL, '');
INSERT INTO `sys_menu` VALUES (2031, '书籍', 1, 1, 'Book', 'server/Book/index', NULL, 1, 0, 'C', '0', '0', 'server:Book:list', 'education', 'admin', '2023-12-10 07:44:29', 'admin', '2023-12-10 12:43:33', '书籍菜单');
INSERT INTO `sys_menu` VALUES (2032, '书籍查询', 2031, 1, '#', '', NULL, 1, 0, 'F', '0', '0', 'server:Book:query', '#', 'admin', '2023-12-10 07:44:30', '', NULL, '');
INSERT INTO `sys_menu` VALUES (2033, '书籍新增', 2031, 2, '#', '', NULL, 1, 0, 'F', '0', '0', 'server:Book:add', '#', 'admin', '2023-12-10 07:44:30', '', NULL, '');
INSERT INTO `sys_menu` VALUES (2034, '书籍修改', 2031, 3, '#', '', NULL, 1, 0, 'F', '0', '0', 'server:Book:edit', '#', 'admin', '2023-12-10 07:44:30', '', NULL, '');
INSERT INTO `sys_menu` VALUES (2035, '书籍删除', 2031, 4, '#', '', NULL, 1, 0, 'F', '0', '0', 'server:Book:remove', '#', 'admin', '2023-12-10 07:44:30', '', NULL, '');
INSERT INTO `sys_menu` VALUES (2036, '书籍导出', 2031, 5, '#', '', NULL, 1, 0, 'F', '0', '0', 'server:Book:export', '#', 'admin', '2023-12-10 07:44:31', '', NULL, '');
INSERT INTO `sys_menu` VALUES (2037, '书架', 1, 2, 'Bookshelf', 'server/Bookshelf/index', NULL, 1, 0, 'C', '0', '0', 'server:Bookshelf:list', 'tree-table', 'admin', '2023-12-10 12:48:45', 'admin', '2023-12-11 01:28:29', '书架菜单');
INSERT INTO `sys_menu` VALUES (2038, '书架查询', 2037, 1, '#', '', NULL, 1, 0, 'F', '0', '0', 'server:Bookshelf:query', '#', 'admin', '2023-12-10 12:48:46', '', NULL, '');
INSERT INTO `sys_menu` VALUES (2039, '书架新增', 2037, 2, '#', '', NULL, 1, 0, 'F', '0', '0', 'server:Bookshelf:add', '#', 'admin', '2023-12-10 12:48:46', '', NULL, '');
INSERT INTO `sys_menu` VALUES (2040, '书架修改', 2037, 3, '#', '', NULL, 1, 0, 'F', '0', '0', 'server:Bookshelf:edit', '#', 'admin', '2023-12-10 12:48:46', '', NULL, '');
INSERT INTO `sys_menu` VALUES (2041, '书架删除', 2037, 4, '#', '', NULL, 1, 0, 'F', '0', '0', 'server:Bookshelf:remove', '#', 'admin', '2023-12-10 12:48:47', '', NULL, '');
INSERT INTO `sys_menu` VALUES (2042, '书架导出', 2037, 5, '#', '', NULL, 1, 0, 'F', '0', '0', 'server:Bookshelf:export', '#', 'admin', '2023-12-10 12:48:47', '', NULL, '');
INSERT INTO `sys_menu` VALUES (2043, '借阅', 1, 3, 'Borrow', 'server/Borrow/index', NULL, 1, 0, 'C', '0', '0', 'server:Borrow:list', 'logininfor', 'admin', '2023-12-10 13:56:20', 'admin', '2023-12-11 01:28:34', '借阅菜单');
INSERT INTO `sys_menu` VALUES (2044, '借阅查询', 2043, 1, '#', '', NULL, 1, 0, 'F', '0', '0', 'server:Borrow:query', '#', 'admin', '2023-12-10 13:56:21', '', NULL, '');
INSERT INTO `sys_menu` VALUES (2045, '借阅新增', 2043, 2, '#', '', NULL, 1, 0, 'F', '0', '0', 'server:Borrow:add', '#', 'admin', '2023-12-10 13:56:21', '', NULL, '');
INSERT INTO `sys_menu` VALUES (2046, '借阅修改', 2043, 3, '#', '', NULL, 1, 0, 'F', '0', '0', 'server:Borrow:edit', '#', 'admin', '2023-12-10 13:56:22', '', NULL, '');
INSERT INTO `sys_menu` VALUES (2047, '借阅删除', 2043, 4, '#', '', NULL, 1, 0, 'F', '0', '0', 'server:Borrow:remove', '#', 'admin', '2023-12-10 13:56:22', '', NULL, '');
INSERT INTO `sys_menu` VALUES (2048, '借阅导出', 2043, 5, '#', '', NULL, 1, 0, 'F', '0', '0', 'server:Borrow:export', '#', 'admin', '2023-12-10 13:56:22', '', NULL, '');
INSERT INTO `sys_menu` VALUES (2049, '读者', 1, 4, 'Reader', 'server/Reader/index', NULL, 1, 0, 'C', '0', '0', 'server:Reader:list', 'peoples', 'admin', '2023-12-11 01:23:36', 'admin', '2023-12-11 02:01:34', '读者菜单');
INSERT INTO `sys_menu` VALUES (2050, '读者查询', 2049, 1, '#', '', NULL, 1, 0, 'F', '0', '0', 'server:Reader:query', '#', 'admin', '2023-12-11 01:23:37', '', NULL, '');
INSERT INTO `sys_menu` VALUES (2051, '读者新增', 2049, 2, '#', '', NULL, 1, 0, 'F', '0', '0', 'server:Reader:add', '#', 'admin', '2023-12-11 01:23:37', '', NULL, '');
INSERT INTO `sys_menu` VALUES (2052, '读者修改', 2049, 3, '#', '', NULL, 1, 0, 'F', '0', '0', 'server:Reader:edit', '#', 'admin', '2023-12-11 01:23:37', '', NULL, '');
INSERT INTO `sys_menu` VALUES (2053, '读者删除', 2049, 4, '#', '', NULL, 1, 0, 'F', '0', '0', 'server:Reader:remove', '#', 'admin', '2023-12-11 01:23:37', '', NULL, '');
INSERT INTO `sys_menu` VALUES (2054, '读者导出', 2049, 5, '#', '', NULL, 1, 0, 'F', '0', '0', 'server:Reader:export', '#', 'admin', '2023-12-11 01:23:37', '', NULL, '');
INSERT INTO `sys_menu` VALUES (2061, '员工', 1, 5, 'Staff', 'server/Staff/index', NULL, 1, 0, 'C', '0', '0', 'server:Staff:list', 'message', 'admin', '2023-12-11 02:04:21', 'admin', '2023-12-11 02:23:41', '员工菜单');
INSERT INTO `sys_menu` VALUES (2062, '员工查询', 2061, 1, '#', '', NULL, 1, 0, 'F', '0', '0', 'server:Staff:query', '#', 'admin', '2023-12-11 02:04:21', '', NULL, '');
INSERT INTO `sys_menu` VALUES (2063, '员工新增', 2061, 2, '#', '', NULL, 1, 0, 'F', '0', '0', 'server:Staff:add', '#', 'admin', '2023-12-11 02:04:21', '', NULL, '');
INSERT INTO `sys_menu` VALUES (2064, '员工修改', 2061, 3, '#', '', NULL, 1, 0, 'F', '0', '0', 'server:Staff:edit', '#', 'admin', '2023-12-11 02:04:21', '', NULL, '');
INSERT INTO `sys_menu` VALUES (2065, '员工删除', 2061, 4, '#', '', NULL, 1, 0, 'F', '0', '0', 'server:Staff:remove', '#', 'admin', '2023-12-11 02:04:22', '', NULL, '');
INSERT INTO `sys_menu` VALUES (2066, '员工导出', 2061, 5, '#', '', NULL, 1, 0, 'F', '0', '0', 'server:Staff:export', '#', 'admin', '2023-12-11 02:04:22', '', NULL, '');
INSERT INTO `sys_menu` VALUES (2067, '类型', 1, 6, 'UserType', 'server/UserType/index', NULL, 1, 0, 'C', '0', '0', 'server:UserType:list', 'example', 'admin', '2023-12-11 02:27:42', 'admin', '2023-12-11 02:33:44', '用户类型菜单');
INSERT INTO `sys_menu` VALUES (2068, '用户类型查询', 2067, 1, '#', '', NULL, 1, 0, 'F', '0', '0', 'server:UserType:query', '#', 'admin', '2023-12-11 02:27:43', '', NULL, '');
INSERT INTO `sys_menu` VALUES (2069, '用户类型新增', 2067, 2, '#', '', NULL, 1, 0, 'F', '0', '0', 'server:UserType:add', '#', 'admin', '2023-12-11 02:27:43', '', NULL, '');
INSERT INTO `sys_menu` VALUES (2070, '用户类型修改', 2067, 3, '#', '', NULL, 1, 0, 'F', '0', '0', 'server:UserType:edit', '#', 'admin', '2023-12-11 02:27:43', '', NULL, '');
INSERT INTO `sys_menu` VALUES (2071, '用户类型删除', 2067, 4, '#', '', NULL, 1, 0, 'F', '0', '0', 'server:UserType:remove', '#', 'admin', '2023-12-11 02:27:43', '', NULL, '');
INSERT INTO `sys_menu` VALUES (2072, '用户类型导出', 2067, 5, '#', '', NULL, 1, 0, 'F', '0', '0', 'server:UserType:export', '#', 'admin', '2023-12-11 02:27:43', '', NULL, '');

-- ----------------------------
-- Table structure for sys_notice
-- ----------------------------
DROP TABLE IF EXISTS `sys_notice`;
CREATE TABLE `sys_notice`  (
  `notice_id` int(11) NOT NULL AUTO_INCREMENT COMMENT '公告ID',
  `notice_title` varchar(50) CHARACTER SET utf8 COLLATE utf8_general_ci NOT NULL COMMENT '公告标题',
  `notice_type` char(1) CHARACTER SET utf8 COLLATE utf8_general_ci NOT NULL COMMENT '公告类型（1通知 2公告）',
  `notice_content` longblob COMMENT '公告内容',
  `status` char(1) CHARACTER SET utf8 COLLATE utf8_general_ci DEFAULT '0' COMMENT '公告状态（0正常 1关闭）',
  `create_by` varchar(64) CHARACTER SET utf8 COLLATE utf8_general_ci DEFAULT '' COMMENT '创建者',
  `create_time` datetime(0) DEFAULT NULL COMMENT '创建时间',
  `update_by` varchar(64) CHARACTER SET utf8 COLLATE utf8_general_ci DEFAULT '' COMMENT '更新者',
  `update_time` datetime(0) DEFAULT NULL COMMENT '更新时间',
  `remark` varchar(255) CHARACTER SET utf8 COLLATE utf8_general_ci DEFAULT NULL COMMENT '备注',
  PRIMARY KEY (`notice_id`) USING BTREE
) ENGINE = InnoDB AUTO_INCREMENT = 11 CHARACTER SET = utf8 COLLATE = utf8_general_ci COMMENT = '通知公告表' ROW_FORMAT = Compact;

-- ----------------------------
-- Records of sys_notice
-- ----------------------------
INSERT INTO `sys_notice` VALUES (10, '停机不维护通知', '1', 0x3C703EE5B08AE695ACE79A84E59084E4BD8DE7899BE9A9AC2C20E69CACE69CBAE5B086E8BF9BE8A18CE4B880E591A8E79A84E5898DE5908EE7ABAFE5B9B6E8A18CE5BC80E58F91E5819CE69CBAE4B88DE7BBB4E68AA4E9A1B9E79BAE2C20E8AFB7E4B88DE8A681E4BF9DE5AD98E4B8AAE4BABAE69C89E585B3E4BFA1E681AFE4B88EE4B89AE58AA1E695B0E68DAE2C20E58887E8AEB0E4B88DE8A681E981BFE5858DE9A38EE999A92E3C2F703E3C703E6279203C6120687265663D2268747470733A2F2F6769746875622E636F6D2F53706164654B746C7367222072656C3D226E6F6F70656E6572206E6F726566657272657222207461726765743D225F626C616E6B223E53706164654B544C53473C2F613E3C2F703E, '0', 'admin', '2023-12-10 15:27:05', '', NULL, NULL);

-- ----------------------------
-- Table structure for sys_oper_log
-- ----------------------------
DROP TABLE IF EXISTS `sys_oper_log`;
CREATE TABLE `sys_oper_log`  (
  `oper_id` bigint(20) NOT NULL AUTO_INCREMENT COMMENT '日志主键',
  `title` varchar(50) CHARACTER SET utf8 COLLATE utf8_general_ci DEFAULT '' COMMENT '模块标题',
  `business_type` int(11) DEFAULT 0 COMMENT '业务类型（0其它 1新增 2修改 3删除）',
  `method` varchar(100) CHARACTER SET utf8 COLLATE utf8_general_ci DEFAULT '' COMMENT '方法名称',
  `request_method` varchar(10) CHARACTER SET utf8 COLLATE utf8_general_ci DEFAULT '' COMMENT '请求方式',
  `operator_type` int(11) DEFAULT 0 COMMENT '操作类别（0其它 1后台用户 2手机端用户）',
  `oper_name` varchar(50) CHARACTER SET utf8 COLLATE utf8_general_ci DEFAULT '' COMMENT '操作人员',
  `dept_name` varchar(50) CHARACTER SET utf8 COLLATE utf8_general_ci DEFAULT '' COMMENT '部门名称',
  `oper_url` varchar(255) CHARACTER SET utf8 COLLATE utf8_general_ci DEFAULT '' COMMENT '请求URL',
  `oper_ip` varchar(128) CHARACTER SET utf8 COLLATE utf8_general_ci DEFAULT '' COMMENT '主机地址',
  `oper_location` varchar(255) CHARACTER SET utf8 COLLATE utf8_general_ci DEFAULT '' COMMENT '操作地点',
  `oper_param` varchar(2000) CHARACTER SET utf8 COLLATE utf8_general_ci DEFAULT '' COMMENT '请求参数',
  `json_result` varchar(2000) CHARACTER SET utf8 COLLATE utf8_general_ci DEFAULT '' COMMENT '返回参数',
  `status` int(11) DEFAULT 0 COMMENT '操作状态（0正常 1异常）',
  `error_msg` varchar(2000) CHARACTER SET utf8 COLLATE utf8_general_ci DEFAULT '' COMMENT '错误消息',
  `oper_time` datetime(0) DEFAULT NULL COMMENT '操作时间',
  `cost_time` bigint(20) DEFAULT 0 COMMENT '消耗时间',
  PRIMARY KEY (`oper_id`) USING BTREE,
  INDEX `idx_sys_oper_log_bt`(`business_type`) USING BTREE,
  INDEX `idx_sys_oper_log_s`(`status`) USING BTREE,
  INDEX `idx_sys_oper_log_ot`(`oper_time`) USING BTREE
) ENGINE = InnoDB AUTO_INCREMENT = 322 CHARACTER SET = utf8 COLLATE = utf8_general_ci COMMENT = '操作日志记录' ROW_FORMAT = Compact;

-- ----------------------------
-- Records of sys_oper_log
-- ----------------------------
INSERT INTO `sys_oper_log` VALUES (1, '操作日志', 9, 'com.ldb.project.monitor.controller.SysOperlogController.clean()', 'DELETE', 1, 'admin', '研发部门', '/monitor/operlog/clean', '127.0.0.1', '内网IP', '{}', '{\"msg\":\"操作成功\",\"code\":200}', 0, NULL, '2023-12-09 15:16:38', 59);
INSERT INTO `sys_oper_log` VALUES (2, '登录日志', 9, 'com.ldb.project.monitor.controller.SysLogininforController.clean()', 'DELETE', 1, 'admin', '研发部门', '/monitor/logininfor/clean', '127.0.0.1', '内网IP', '{}', '{\"msg\":\"操作成功\",\"code\":200}', 0, NULL, '2023-12-09 15:16:42', 37);
INSERT INTO `sys_oper_log` VALUES (3, '菜单管理', 1, 'com.ldb.project.system.controller.SysMenuController.add()', 'POST', 1, 'admin', '研发部门', '/system/menu', '127.0.0.1', '内网IP', '{\"children\":[],\"createBy\":\"admin\",\"icon\":\"education\",\"isCache\":\"0\",\"isFrame\":\"1\",\"menuName\":\"核心服务\",\"menuType\":\"M\",\"orderNum\":4,\"params\":{},\"parentId\":0,\"path\":\"server\",\"status\":\"0\",\"visible\":\"0\"}', '{\"msg\":\"操作成功\",\"code\":200}', 0, NULL, '2023-12-09 15:22:23', 14);
INSERT INTO `sys_oper_log` VALUES (4, '菜单管理', 2, 'com.ldb.project.system.controller.SysMenuController.edit()', 'PUT', 1, 'admin', '研发部门', '/system/menu', '127.0.0.1', '内网IP', '{\"children\":[],\"createTime\":\"2023-12-09 15:22:23\",\"icon\":\"education\",\"isCache\":\"0\",\"isFrame\":\"1\",\"menuId\":2000,\"menuName\":\"核心服务\",\"menuType\":\"M\",\"orderNum\":0,\"params\":{},\"parentId\":0,\"path\":\"server\",\"perms\":\"\",\"status\":\"0\",\"updateBy\":\"admin\",\"visible\":\"0\"}', '{\"msg\":\"操作成功\",\"code\":200}', 0, NULL, '2023-12-09 15:22:33', 10);
INSERT INTO `sys_oper_log` VALUES (5, '菜单管理', 2, 'com.ldb.project.system.controller.SysMenuController.edit()', 'PUT', 1, 'admin', '研发部门', '/system/menu', '127.0.0.1', '内网IP', '{\"children\":[],\"component\":\"system/menu/index\",\"createTime\":\"2023-12-08 21:00:41\",\"icon\":\"tree-table\",\"isCache\":\"0\",\"isFrame\":\"1\",\"menuId\":102,\"menuName\":\"菜单管理\",\"menuType\":\"C\",\"orderNum\":0,\"params\":{},\"parentId\":3,\"path\":\"menu\",\"perms\":\"system:menu:list\",\"query\":\"\",\"status\":\"0\",\"updateBy\":\"admin\",\"visible\":\"0\"}', '{\"msg\":\"操作成功\",\"code\":200}', 0, NULL, '2023-12-09 15:23:31', 12);
INSERT INTO `sys_oper_log` VALUES (6, '菜单管理', 3, 'com.ldb.project.system.controller.SysMenuController.remove()', 'DELETE', 1, 'admin', '研发部门', '/system/menu/115', '127.0.0.1', '内网IP', '{}', '{\"msg\":\"菜单已分配,不允许删除\",\"code\":601}', 0, NULL, '2023-12-09 15:24:04', 21);
INSERT INTO `sys_oper_log` VALUES (7, '菜单管理', 2, 'com.ldb.project.system.controller.SysMenuController.edit()', 'PUT', 1, 'admin', '研发部门', '/system/menu', '127.0.0.1', '内网IP', '{\"children\":[],\"component\":\"tool/build/index\",\"createTime\":\"2023-12-08 21:00:41\",\"icon\":\"build\",\"isCache\":\"0\",\"isFrame\":\"1\",\"menuId\":115,\"menuName\":\"表单构建\",\"menuType\":\"C\",\"orderNum\":1,\"params\":{},\"parentId\":3,\"path\":\"build\",\"perms\":\"tool:build:list\",\"query\":\"\",\"status\":\"1\",\"updateBy\":\"admin\",\"visible\":\"1\"}', '{\"msg\":\"操作成功\",\"code\":200}', 0, NULL, '2023-12-09 15:24:08', 8);
INSERT INTO `sys_oper_log` VALUES (8, '菜单管理', 3, 'com.ldb.project.system.controller.SysMenuController.remove()', 'DELETE', 1, 'admin', '研发部门', '/system/menu/115', '127.0.0.1', '内网IP', '{}', '{\"msg\":\"菜单已分配,不允许删除\",\"code\":601}', 0, NULL, '2023-12-09 15:24:11', 6);
INSERT INTO `sys_oper_log` VALUES (9, '菜单管理', 2, 'com.ldb.project.system.controller.SysMenuController.edit()', 'PUT', 1, 'admin', '研发部门', '/system/menu', '127.0.0.1', '内网IP', '{\"children\":[],\"component\":\"tool/build/index\",\"createTime\":\"2023-12-08 21:00:41\",\"icon\":\"build\",\"isCache\":\"1\",\"isFrame\":\"1\",\"menuId\":115,\"menuName\":\"表单构建\",\"menuType\":\"C\",\"orderNum\":1,\"params\":{},\"parentId\":3,\"path\":\"build\",\"perms\":\"tool:build:list\",\"query\":\"\",\"status\":\"1\",\"updateBy\":\"admin\",\"visible\":\"1\"}', '{\"msg\":\"操作成功\",\"code\":200}', 0, NULL, '2023-12-09 15:24:31', 10);
INSERT INTO `sys_oper_log` VALUES (10, '岗位管理', 2, 'com.ldb.project.system.controller.SysPostController.edit()', 'PUT', 1, 'admin', '研发部门', '/system/post', '127.0.0.1', '内网IP', '{\"createBy\":\"admin\",\"createTime\":\"2023-12-08 21:00:40\",\"flag\":false,\"params\":{},\"postCode\":\"kaka\",\"postId\":1,\"postName\":\"总裁\",\"postSort\":1,\"remark\":\"LDBMS的大统领是也\",\"status\":\"0\",\"updateBy\":\"admin\"}', '{\"msg\":\"操作成功\",\"code\":200}', 0, NULL, '2023-12-09 15:27:32', 19);
INSERT INTO `sys_oper_log` VALUES (11, '岗位管理', 2, 'com.ldb.project.system.controller.SysPostController.edit()', 'PUT', 1, 'admin', '研发部门', '/system/post', '127.0.0.1', '内网IP', '{\"createBy\":\"admin\",\"createTime\":\"2023-12-08 21:00:40\",\"flag\":false,\"params\":{},\"postCode\":\"hr\",\"postId\":3,\"postName\":\"人力资源\",\"postSort\":3,\"remark\":\"牛马的生活管理\",\"status\":\"0\",\"updateBy\":\"admin\"}', '{\"msg\":\"操作成功\",\"code\":200}', 0, NULL, '2023-12-09 15:27:48', 13);
INSERT INTO `sys_oper_log` VALUES (12, '岗位管理', 2, 'com.ldb.project.system.controller.SysPostController.edit()', 'PUT', 1, 'admin', '研发部门', '/system/post', '127.0.0.1', '内网IP', '{\"createBy\":\"admin\",\"createTime\":\"2023-12-08 21:00:40\",\"flag\":false,\"params\":{},\"postCode\":\"user\",\"postId\":4,\"postName\":\"普通员工\",\"postSort\":4,\"remark\":\"牛马\",\"status\":\"0\",\"updateBy\":\"admin\"}', '{\"msg\":\"操作成功\",\"code\":200}', 0, NULL, '2023-12-09 15:27:56', 13);
INSERT INTO `sys_oper_log` VALUES (13, '岗位管理', 2, 'com.ldb.project.system.controller.SysPostController.edit()', 'PUT', 1, 'admin', '研发部门', '/system/post', '127.0.0.1', '内网IP', '{\"createBy\":\"admin\",\"createTime\":\"2023-12-08 21:00:40\",\"flag\":false,\"params\":{},\"postCode\":\"se\",\"postId\":2,\"postName\":\"项目经理\",\"postSort\":2,\"remark\":\"处理业务与实施\",\"status\":\"0\",\"updateBy\":\"admin\"}', '{\"msg\":\"操作成功\",\"code\":200}', 0, NULL, '2023-12-09 15:28:14', 13);
INSERT INTO `sys_oper_log` VALUES (14, '菜单管理', 2, 'com.ldb.project.system.controller.SysMenuController.edit()', 'PUT', 1, 'admin', '研发部门', '/system/menu', '127.0.0.1', '内网IP', '{\"children\":[],\"component\":\"system/dict/index\",\"createTime\":\"2023-12-08 21:00:41\",\"icon\":\"dict\",\"isCache\":\"1\",\"isFrame\":\"1\",\"menuId\":105,\"menuName\":\"字典管理\",\"menuType\":\"C\",\"orderNum\":6,\"params\":{},\"parentId\":1,\"path\":\"dict\",\"perms\":\"system:dict:list\",\"query\":\"\",\"status\":\"1\",\"updateBy\":\"admin\",\"visible\":\"1\"}', '{\"msg\":\"操作成功\",\"code\":200}', 0, NULL, '2023-12-09 15:28:49', 12);
INSERT INTO `sys_oper_log` VALUES (15, '菜单管理', 2, 'com.ldb.project.system.controller.SysMenuController.edit()', 'PUT', 1, 'admin', '研发部门', '/system/menu', '127.0.0.1', '内网IP', '{\"children\":[],\"component\":\"system/config/index\",\"createTime\":\"2023-12-08 21:00:41\",\"icon\":\"edit\",\"isCache\":\"1\",\"isFrame\":\"1\",\"menuId\":106,\"menuName\":\"参数设置\",\"menuType\":\"C\",\"orderNum\":7,\"params\":{},\"parentId\":1,\"path\":\"config\",\"perms\":\"system:config:list\",\"query\":\"\",\"status\":\"1\",\"updateBy\":\"admin\",\"visible\":\"1\"}', '{\"msg\":\"操作成功\",\"code\":200}', 0, NULL, '2023-12-09 15:28:54', 6);
INSERT INTO `sys_oper_log` VALUES (16, '菜单管理', 2, 'com.ldb.project.system.controller.SysMenuController.edit()', 'PUT', 1, 'admin', '研发部门', '/system/menu', '127.0.0.1', '内网IP', '{\"children\":[],\"component\":\"\",\"createTime\":\"2023-12-08 21:00:41\",\"icon\":\"log\",\"isCache\":\"0\",\"isFrame\":\"1\",\"menuId\":108,\"menuName\":\"日志管理\",\"menuType\":\"M\",\"orderNum\":9,\"params\":{},\"parentId\":2,\"path\":\"log\",\"perms\":\"\",\"query\":\"\",\"status\":\"0\",\"updateBy\":\"admin\",\"visible\":\"0\"}', '{\"msg\":\"操作成功\",\"code\":200}', 0, NULL, '2023-12-09 15:29:33', 9);
INSERT INTO `sys_oper_log` VALUES (17, '菜单管理', 2, 'com.ldb.project.system.controller.SysMenuController.edit()', 'PUT', 1, 'admin', '研发部门', '/system/menu', '127.0.0.1', '内网IP', '{\"children\":[],\"component\":\"tool/swagger/index\",\"createTime\":\"2023-12-08 21:00:41\",\"icon\":\"swagger\",\"isCache\":\"0\",\"isFrame\":\"1\",\"menuId\":117,\"menuName\":\"接口文档\",\"menuType\":\"C\",\"orderNum\":3,\"params\":{},\"parentId\":3,\"path\":\"swagger\",\"perms\":\"tool:swagger:list\",\"query\":\"\",\"status\":\"0\",\"updateBy\":\"admin\",\"visible\":\"0\"}', '{\"msg\":\"操作成功\",\"code\":200}', 0, NULL, '2023-12-09 15:30:02', 11);
INSERT INTO `sys_oper_log` VALUES (18, '代码生成', 2, 'com.ldb.project.tool.gen.controller.GenController.editSave()', 'PUT', 1, 'admin', '研发部门', '/tool/gen', '127.0.0.1', '内网IP', '{\"businessName\":\"book\",\"className\":\"Book\",\"columns\":[{\"capJavaField\":\"BookId\",\"columnComment\":\"\",\"columnId\":1,\"columnName\":\"book_id\",\"columnType\":\"int\",\"createBy\":\"admin\",\"createTime\":\"2023-12-08 22:00:10\",\"dictType\":\"\",\"edit\":false,\"htmlType\":\"input\",\"increment\":false,\"insert\":true,\"isIncrement\":\"0\",\"isInsert\":\"1\",\"isPk\":\"1\",\"isRequired\":\"0\",\"javaField\":\"bookId\",\"javaType\":\"Long\",\"list\":false,\"params\":{},\"pk\":true,\"query\":false,\"queryType\":\"EQ\",\"required\":false,\"sort\":1,\"superColumn\":false,\"tableId\":1,\"updateBy\":\"\",\"updateTime\":\"2023-12-09 12:31:52\",\"usableColumn\":false},{\"capJavaField\":\"BookName\",\"columnComment\":\"\",\"columnId\":2,\"columnName\":\"book_name\",\"columnType\":\"varchar(20)\",\"createBy\":\"admin\",\"createTime\":\"2023-12-08 22:00:10\",\"dictType\":\"\",\"edit\":true,\"htmlType\":\"input\",\"increment\":false,\"insert\":true,\"isEdit\":\"1\",\"isIncrement\":\"0\",\"isInsert\":\"1\",\"isList\":\"1\",\"isPk\":\"0\",\"isQuery\":\"1\",\"isRequired\":\"0\",\"javaField\":\"bookName\",\"javaType\":\"String\",\"list\":true,\"params\":{},\"pk\":false,\"query\":true,\"queryType\":\"LIKE\",\"required\":false,\"sort\":2,\"superColumn\":false,\"tableId\":1,\"updateBy\":\"\",\"updateTime\":\"2023-12-09 12:31:52\",\"usableColumn\":false},{\"capJavaField\":\"Author\",\"columnComment\":\"\",\"columnId\":3,\"columnName\":\"author\",\"columnType\":\"varchar(10)\",\"createBy\":\"admin\",\"createTime\":\"2023-12-08 22:00:10\",\"dictType\":\"\",\"edit\":true,\"htmlType\":\"input\",\"increment\":false,\"insert\":true,\"isEdit\":\"1\",\"isIncrement\":\"0\",\"isInsert\":\"1\",\"isList\":\"1\",\"isPk\":\"0\",\"isQuery\":\"1\",\"isRequired\":\"0\",\"javaField\":\"author\",\"javaType\":\"String\",\"list\":true,\"params\":{},\"pk\":false,\"query\":true,\"queryType\":\"EQ\",\"required\":false,\"sort\":3,\"superColumn\":false,\"tableId\":1,\"updateBy\":\"\",\"updateTime\":\"2023-12-09 12:31:52\",\"usableColumn\":false},{\"capJavaField\":\"BookType\",\"columnComment\":\"\",\"columnId\":4,\"columnName\":\"book_type\",\"columnType\":\"varchar(10)\",\"createBy\":\"admin\",\"createTime\":\"2023-12-08 22:00:10\",\"dictType\":\"\",\"edit\":true,\"htmlType\":\"select\",\"increment\":false,\"insert\":true,\"isEdit\":\"1\",\"isIncreme', '{\"msg\":\"操作成功\",\"code\":200}', 0, NULL, '2023-12-09 15:45:53', 70);
INSERT INTO `sys_oper_log` VALUES (19, '代码生成', 2, 'com.ldb.project.tool.gen.controller.GenController.synchDb()', 'GET', 1, 'admin', '研发部门', '/tool/gen/synchDb/book', '127.0.0.1', '内网IP', '{}', '{\"msg\":\"操作成功\",\"code\":200}', 0, NULL, '2023-12-09 15:45:59', 220);
INSERT INTO `sys_oper_log` VALUES (20, '代码生成', 8, 'com.ldb.project.tool.gen.controller.GenController.batchGenCode()', 'GET', 1, 'admin', '研发部门', '/tool/gen/batchGenCode', '127.0.0.1', '内网IP', '{\"tables\":\"book\"}', NULL, 0, NULL, '2023-12-09 15:46:00', 532);
INSERT INTO `sys_oper_log` VALUES (21, '代码生成', 2, 'com.ldb.project.tool.gen.controller.GenController.editSave()', 'PUT', 1, 'admin', '研发部门', '/tool/gen', '127.0.0.1', '内网IP', '{\"businessName\":\"book\",\"className\":\"Book\",\"columns\":[{\"capJavaField\":\"BookId\",\"columnComment\":\"\",\"columnId\":1,\"columnName\":\"book_id\",\"columnType\":\"int\",\"createBy\":\"admin\",\"createTime\":\"2023-12-08 22:00:10\",\"dictType\":\"\",\"edit\":false,\"htmlType\":\"input\",\"increment\":false,\"insert\":true,\"isIncrement\":\"0\",\"isInsert\":\"1\",\"isPk\":\"1\",\"isRequired\":\"0\",\"javaField\":\"bookId\",\"javaType\":\"Long\",\"list\":false,\"params\":{},\"pk\":true,\"query\":false,\"queryType\":\"EQ\",\"required\":false,\"sort\":1,\"superColumn\":false,\"tableId\":1,\"updateBy\":\"\",\"updateTime\":\"2023-12-09 15:45:58\",\"usableColumn\":false},{\"capJavaField\":\"BookName\",\"columnComment\":\"\",\"columnId\":2,\"columnName\":\"book_name\",\"columnType\":\"varchar(20)\",\"createBy\":\"admin\",\"createTime\":\"2023-12-08 22:00:10\",\"dictType\":\"\",\"edit\":true,\"htmlType\":\"input\",\"increment\":false,\"insert\":true,\"isEdit\":\"1\",\"isIncrement\":\"0\",\"isInsert\":\"1\",\"isList\":\"1\",\"isPk\":\"0\",\"isQuery\":\"1\",\"isRequired\":\"0\",\"javaField\":\"bookName\",\"javaType\":\"String\",\"list\":true,\"params\":{},\"pk\":false,\"query\":true,\"queryType\":\"LIKE\",\"required\":false,\"sort\":2,\"superColumn\":false,\"tableId\":1,\"updateBy\":\"\",\"updateTime\":\"2023-12-09 15:45:58\",\"usableColumn\":false},{\"capJavaField\":\"Author\",\"columnComment\":\"\",\"columnId\":3,\"columnName\":\"author\",\"columnType\":\"varchar(10)\",\"createBy\":\"admin\",\"createTime\":\"2023-12-08 22:00:10\",\"dictType\":\"\",\"edit\":true,\"htmlType\":\"input\",\"increment\":false,\"insert\":true,\"isEdit\":\"1\",\"isIncrement\":\"0\",\"isInsert\":\"1\",\"isList\":\"1\",\"isPk\":\"0\",\"isQuery\":\"1\",\"isRequired\":\"0\",\"javaField\":\"author\",\"javaType\":\"String\",\"list\":true,\"params\":{},\"pk\":false,\"query\":true,\"queryType\":\"EQ\",\"required\":false,\"sort\":3,\"superColumn\":false,\"tableId\":1,\"updateBy\":\"\",\"updateTime\":\"2023-12-09 15:45:58\",\"usableColumn\":false},{\"capJavaField\":\"BookType\",\"columnComment\":\"\",\"columnId\":4,\"columnName\":\"book_type\",\"columnType\":\"varchar(10)\",\"createBy\":\"admin\",\"createTime\":\"2023-12-08 22:00:10\",\"dictType\":\"\",\"edit\":true,\"htmlType\":\"select\",\"increment\":false,\"insert\":true,\"isEdit\":\"1\",\"isIncreme', '{\"msg\":\"操作成功\",\"code\":200}', 0, NULL, '2023-12-09 15:48:30', 34);
INSERT INTO `sys_oper_log` VALUES (22, '代码生成', 8, 'com.ldb.project.tool.gen.controller.GenController.batchGenCode()', 'GET', 1, 'admin', '研发部门', '/tool/gen/batchGenCode', '127.0.0.1', '内网IP', '{\"tables\":\"book\"}', NULL, 0, NULL, '2023-12-09 15:48:31', 70);
INSERT INTO `sys_oper_log` VALUES (23, '代码生成', 2, 'com.ldb.project.tool.gen.controller.GenController.synchDb()', 'GET', 1, 'admin', '研发部门', '/tool/gen/synchDb/book', '127.0.0.1', '内网IP', '{}', '{\"msg\":\"操作成功\",\"code\":200}', 0, NULL, '2023-12-09 15:58:47', 297);
INSERT INTO `sys_oper_log` VALUES (24, '代码生成', 2, 'com.ldb.project.tool.gen.controller.GenController.editSave()', 'PUT', 1, 'admin', '研发部门', '/tool/gen', '127.0.0.1', '内网IP', '{\"businessName\":\"book\",\"className\":\"Book\",\"columns\":[{\"capJavaField\":\"BookId\",\"columnComment\":\"\",\"columnId\":1,\"columnName\":\"book_id\",\"columnType\":\"int\",\"createBy\":\"admin\",\"createTime\":\"2023-12-08 22:00:10\",\"dictType\":\"\",\"edit\":false,\"htmlType\":\"input\",\"increment\":false,\"insert\":true,\"isIncrement\":\"0\",\"isInsert\":\"1\",\"isPk\":\"1\",\"isRequired\":\"0\",\"javaField\":\"bookId\",\"javaType\":\"Long\",\"list\":false,\"params\":{},\"pk\":true,\"query\":false,\"queryType\":\"EQ\",\"required\":false,\"sort\":1,\"superColumn\":false,\"tableId\":1,\"updateBy\":\"\",\"updateTime\":\"2023-12-09 15:58:46\",\"usableColumn\":false},{\"capJavaField\":\"BookName\",\"columnComment\":\"\",\"columnId\":2,\"columnName\":\"book_name\",\"columnType\":\"varchar(20)\",\"createBy\":\"admin\",\"createTime\":\"2023-12-08 22:00:10\",\"dictType\":\"\",\"edit\":true,\"htmlType\":\"input\",\"increment\":false,\"insert\":true,\"isEdit\":\"1\",\"isIncrement\":\"0\",\"isInsert\":\"1\",\"isList\":\"1\",\"isPk\":\"0\",\"isQuery\":\"1\",\"isRequired\":\"0\",\"javaField\":\"bookName\",\"javaType\":\"String\",\"list\":true,\"params\":{},\"pk\":false,\"query\":true,\"queryType\":\"LIKE\",\"required\":false,\"sort\":2,\"superColumn\":false,\"tableId\":1,\"updateBy\":\"\",\"updateTime\":\"2023-12-09 15:58:46\",\"usableColumn\":false},{\"capJavaField\":\"Author\",\"columnComment\":\"\",\"columnId\":3,\"columnName\":\"author\",\"columnType\":\"varchar(10)\",\"createBy\":\"admin\",\"createTime\":\"2023-12-08 22:00:10\",\"dictType\":\"\",\"edit\":true,\"htmlType\":\"input\",\"increment\":false,\"insert\":true,\"isEdit\":\"1\",\"isIncrement\":\"0\",\"isInsert\":\"1\",\"isList\":\"1\",\"isPk\":\"0\",\"isQuery\":\"1\",\"isRequired\":\"0\",\"javaField\":\"author\",\"javaType\":\"String\",\"list\":true,\"params\":{},\"pk\":false,\"query\":true,\"queryType\":\"EQ\",\"required\":false,\"sort\":3,\"superColumn\":false,\"tableId\":1,\"updateBy\":\"\",\"updateTime\":\"2023-12-09 15:58:46\",\"usableColumn\":false},{\"capJavaField\":\"BookType\",\"columnComment\":\"\",\"columnId\":4,\"columnName\":\"book_type\",\"columnType\":\"varchar(10)\",\"createBy\":\"admin\",\"createTime\":\"2023-12-08 22:00:10\",\"dictType\":\"\",\"edit\":true,\"htmlType\":\"select\",\"increment\":false,\"insert\":true,\"isEdit\":\"1\",\"isIncreme', '{\"msg\":\"操作成功\",\"code\":200}', 0, NULL, '2023-12-09 15:59:33', 39);
INSERT INTO `sys_oper_log` VALUES (25, '代码生成', 8, 'com.ldb.project.tool.gen.controller.GenController.batchGenCode()', 'GET', 1, 'admin', '研发部门', '/tool/gen/batchGenCode', '127.0.0.1', '内网IP', '{\"tables\":\"book\"}', NULL, 0, NULL, '2023-12-09 15:59:37', 452);
INSERT INTO `sys_oper_log` VALUES (26, '菜单管理', 2, 'com.ldb.project.system.controller.SysMenuController.edit()', 'PUT', 1, 'admin', '研发部门', '/system/menu', '127.0.0.1', '内网IP', '{\"children\":[],\"component\":\"server/book/index\",\"createTime\":\"2023-12-09 16:04:30\",\"icon\":\"build\",\"isCache\":\"0\",\"isFrame\":\"1\",\"menuId\":2001,\"menuName\":\"书籍\",\"menuType\":\"C\",\"orderNum\":1,\"params\":{},\"parentId\":2000,\"path\":\"book\",\"perms\":\"server:book:list\",\"status\":\"0\",\"updateBy\":\"admin\",\"visible\":\"0\"}', '{\"msg\":\"操作成功\",\"code\":200}', 0, NULL, '2023-12-09 16:21:30', 22);
INSERT INTO `sys_oper_log` VALUES (27, '菜单管理', 3, 'com.ldb.project.system.controller.SysMenuController.remove()', 'DELETE', 1, 'admin', '研发部门', '/system/menu/2001', '127.0.0.1', '内网IP', '{}', '{\"msg\":\"存在子菜单,不允许删除\",\"code\":601}', 0, NULL, '2023-12-09 16:23:20', 3);
INSERT INTO `sys_oper_log` VALUES (28, '菜单管理', 3, 'com.ldb.project.system.controller.SysMenuController.remove()', 'DELETE', 1, 'admin', '研发部门', '/system/menu/2002', '127.0.0.1', '内网IP', '{}', '{\"msg\":\"操作成功\",\"code\":200}', 0, NULL, '2023-12-09 16:23:23', 54);
INSERT INTO `sys_oper_log` VALUES (29, '菜单管理', 3, 'com.ldb.project.system.controller.SysMenuController.remove()', 'DELETE', 1, 'admin', '研发部门', '/system/menu/2003', '127.0.0.1', '内网IP', '{}', '{\"msg\":\"操作成功\",\"code\":200}', 0, NULL, '2023-12-09 16:23:26', 40);
INSERT INTO `sys_oper_log` VALUES (30, '菜单管理', 3, 'com.ldb.project.system.controller.SysMenuController.remove()', 'DELETE', 1, 'admin', '研发部门', '/system/menu/2004', '127.0.0.1', '内网IP', '{}', '{\"msg\":\"操作成功\",\"code\":200}', 0, NULL, '2023-12-09 16:23:28', 40);
INSERT INTO `sys_oper_log` VALUES (31, '菜单管理', 3, 'com.ldb.project.system.controller.SysMenuController.remove()', 'DELETE', 1, 'admin', '研发部门', '/system/menu/2005', '127.0.0.1', '内网IP', '{}', '{\"msg\":\"操作成功\",\"code\":200}', 0, NULL, '2023-12-09 16:23:30', 20);
INSERT INTO `sys_oper_log` VALUES (32, '菜单管理', 3, 'com.ldb.project.system.controller.SysMenuController.remove()', 'DELETE', 1, 'admin', '研发部门', '/system/menu/2006', '127.0.0.1', '内网IP', '{}', '{\"msg\":\"操作成功\",\"code\":200}', 0, NULL, '2023-12-09 16:23:32', 9);
INSERT INTO `sys_oper_log` VALUES (33, '代码生成', 2, 'com.ldb.project.tool.gen.controller.GenController.editSave()', 'PUT', 1, 'admin', '研发部门', '/tool/gen', '127.0.0.1', '内网IP', '{\"businessName\":\"manage\",\"className\":\"Book\",\"columns\":[{\"capJavaField\":\"BookId\",\"columnComment\":\"\",\"columnId\":1,\"columnName\":\"book_id\",\"columnType\":\"int\",\"createBy\":\"admin\",\"createTime\":\"2023-12-08 22:00:10\",\"dictType\":\"\",\"edit\":false,\"htmlType\":\"input\",\"increment\":false,\"insert\":true,\"isIncrement\":\"0\",\"isInsert\":\"1\",\"isPk\":\"1\",\"isRequired\":\"0\",\"javaField\":\"bookId\",\"javaType\":\"Long\",\"list\":false,\"params\":{},\"pk\":true,\"query\":false,\"queryType\":\"EQ\",\"required\":false,\"sort\":1,\"superColumn\":false,\"tableId\":1,\"updateBy\":\"\",\"updateTime\":\"2023-12-09 15:59:33\",\"usableColumn\":false},{\"capJavaField\":\"BookName\",\"columnComment\":\"\",\"columnId\":2,\"columnName\":\"book_name\",\"columnType\":\"varchar(20)\",\"createBy\":\"admin\",\"createTime\":\"2023-12-08 22:00:10\",\"dictType\":\"\",\"edit\":true,\"htmlType\":\"input\",\"increment\":false,\"insert\":true,\"isEdit\":\"1\",\"isIncrement\":\"0\",\"isInsert\":\"1\",\"isList\":\"1\",\"isPk\":\"0\",\"isQuery\":\"1\",\"isRequired\":\"0\",\"javaField\":\"bookName\",\"javaType\":\"String\",\"list\":true,\"params\":{},\"pk\":false,\"query\":true,\"queryType\":\"LIKE\",\"required\":false,\"sort\":2,\"superColumn\":false,\"tableId\":1,\"updateBy\":\"\",\"updateTime\":\"2023-12-09 15:59:33\",\"usableColumn\":false},{\"capJavaField\":\"Author\",\"columnComment\":\"\",\"columnId\":3,\"columnName\":\"author\",\"columnType\":\"varchar(10)\",\"createBy\":\"admin\",\"createTime\":\"2023-12-08 22:00:10\",\"dictType\":\"\",\"edit\":true,\"htmlType\":\"input\",\"increment\":false,\"insert\":true,\"isEdit\":\"1\",\"isIncrement\":\"0\",\"isInsert\":\"1\",\"isList\":\"1\",\"isPk\":\"0\",\"isQuery\":\"1\",\"isRequired\":\"0\",\"javaField\":\"author\",\"javaType\":\"String\",\"list\":true,\"params\":{},\"pk\":false,\"query\":true,\"queryType\":\"EQ\",\"required\":false,\"sort\":3,\"superColumn\":false,\"tableId\":1,\"updateBy\":\"\",\"updateTime\":\"2023-12-09 15:59:33\",\"usableColumn\":false},{\"capJavaField\":\"BookType\",\"columnComment\":\"\",\"columnId\":4,\"columnName\":\"book_type\",\"columnType\":\"varchar(10)\",\"createBy\":\"admin\",\"createTime\":\"2023-12-08 22:00:10\",\"dictType\":\"\",\"edit\":true,\"htmlType\":\"select\",\"increment\":false,\"insert\":true,\"isEdit\":\"1\",\"isIncre', '{\"msg\":\"操作成功\",\"code\":200}', 0, NULL, '2023-12-09 16:24:48', 74);
INSERT INTO `sys_oper_log` VALUES (34, '代码生成', 8, 'com.ldb.project.tool.gen.controller.GenController.batchGenCode()', 'GET', 1, 'admin', '研发部门', '/tool/gen/batchGenCode', '127.0.0.1', '内网IP', '{\"tables\":\"book\"}', NULL, 0, NULL, '2023-12-09 16:25:49', 316);
INSERT INTO `sys_oper_log` VALUES (35, '代码生成', 2, 'com.ldb.project.tool.gen.controller.GenController.editSave()', 'PUT', 1, 'admin', '研发部门', '/tool/gen', '127.0.0.1', '内网IP', '{\"businessName\":\"manage\",\"className\":\"Book\",\"columns\":[{\"capJavaField\":\"BookId\",\"columnComment\":\"\",\"columnId\":1,\"columnName\":\"book_id\",\"columnType\":\"int\",\"createBy\":\"admin\",\"createTime\":\"2023-12-08 22:00:10\",\"dictType\":\"\",\"edit\":false,\"htmlType\":\"input\",\"increment\":false,\"insert\":true,\"isIncrement\":\"0\",\"isInsert\":\"1\",\"isPk\":\"1\",\"isRequired\":\"0\",\"javaField\":\"bookId\",\"javaType\":\"Long\",\"list\":false,\"params\":{},\"pk\":true,\"query\":false,\"queryType\":\"EQ\",\"required\":false,\"sort\":1,\"superColumn\":false,\"tableId\":1,\"updateBy\":\"\",\"updateTime\":\"2023-12-09 16:24:48\",\"usableColumn\":false},{\"capJavaField\":\"BookName\",\"columnComment\":\"\",\"columnId\":2,\"columnName\":\"book_name\",\"columnType\":\"varchar(20)\",\"createBy\":\"admin\",\"createTime\":\"2023-12-08 22:00:10\",\"dictType\":\"\",\"edit\":true,\"htmlType\":\"input\",\"increment\":false,\"insert\":true,\"isEdit\":\"1\",\"isIncrement\":\"0\",\"isInsert\":\"1\",\"isList\":\"1\",\"isPk\":\"0\",\"isQuery\":\"1\",\"isRequired\":\"0\",\"javaField\":\"bookName\",\"javaType\":\"String\",\"list\":true,\"params\":{},\"pk\":false,\"query\":true,\"queryType\":\"LIKE\",\"required\":false,\"sort\":2,\"superColumn\":false,\"tableId\":1,\"updateBy\":\"\",\"updateTime\":\"2023-12-09 16:24:48\",\"usableColumn\":false},{\"capJavaField\":\"Author\",\"columnComment\":\"\",\"columnId\":3,\"columnName\":\"author\",\"columnType\":\"varchar(10)\",\"createBy\":\"admin\",\"createTime\":\"2023-12-08 22:00:10\",\"dictType\":\"\",\"edit\":true,\"htmlType\":\"input\",\"increment\":false,\"insert\":true,\"isEdit\":\"1\",\"isIncrement\":\"0\",\"isInsert\":\"1\",\"isList\":\"1\",\"isPk\":\"0\",\"isQuery\":\"1\",\"isRequired\":\"0\",\"javaField\":\"author\",\"javaType\":\"String\",\"list\":true,\"params\":{},\"pk\":false,\"query\":true,\"queryType\":\"EQ\",\"required\":false,\"sort\":3,\"superColumn\":false,\"tableId\":1,\"updateBy\":\"\",\"updateTime\":\"2023-12-09 16:24:48\",\"usableColumn\":false},{\"capJavaField\":\"BookType\",\"columnComment\":\"\",\"columnId\":4,\"columnName\":\"book_type\",\"columnType\":\"varchar(10)\",\"createBy\":\"admin\",\"createTime\":\"2023-12-08 22:00:10\",\"dictType\":\"\",\"edit\":true,\"htmlType\":\"select\",\"increment\":false,\"insert\":true,\"isEdit\":\"1\",\"isIncre', '{\"msg\":\"操作成功\",\"code\":200}', 0, NULL, '2023-12-09 16:31:27', 48);
INSERT INTO `sys_oper_log` VALUES (36, '代码生成', 8, 'com.ldb.project.tool.gen.controller.GenController.batchGenCode()', 'GET', 1, 'admin', '研发部门', '/tool/gen/batchGenCode', '127.0.0.1', '内网IP', '{\"tables\":\"book\"}', NULL, 0, NULL, '2023-12-09 16:31:30', 474);
INSERT INTO `sys_oper_log` VALUES (37, '菜单管理', 3, 'com.ldb.project.system.controller.SysMenuController.remove()', 'DELETE', 1, 'admin', '研发部门', '/system/menu/2008', '127.0.0.1', '内网IP', '{}', '{\"msg\":\"操作成功\",\"code\":200}', 0, NULL, '2023-12-09 16:33:09', 87);
INSERT INTO `sys_oper_log` VALUES (38, '菜单管理', 3, 'com.ldb.project.system.controller.SysMenuController.remove()', 'DELETE', 1, 'admin', '研发部门', '/system/menu/2009', '127.0.0.1', '内网IP', '{}', '{\"msg\":\"操作成功\",\"code\":200}', 0, NULL, '2023-12-09 16:33:11', 8);
INSERT INTO `sys_oper_log` VALUES (39, '菜单管理', 3, 'com.ldb.project.system.controller.SysMenuController.remove()', 'DELETE', 1, 'admin', '研发部门', '/system/menu/2010', '127.0.0.1', '内网IP', '{}', '{\"msg\":\"操作成功\",\"code\":200}', 0, NULL, '2023-12-09 16:33:14', 48);
INSERT INTO `sys_oper_log` VALUES (40, '菜单管理', 3, 'com.ldb.project.system.controller.SysMenuController.remove()', 'DELETE', 1, 'admin', '研发部门', '/system/menu/2011', '127.0.0.1', '内网IP', '{}', '{\"msg\":\"操作成功\",\"code\":200}', 0, NULL, '2023-12-09 16:33:16', 13);
INSERT INTO `sys_oper_log` VALUES (41, '菜单管理', 3, 'com.ldb.project.system.controller.SysMenuController.remove()', 'DELETE', 1, 'admin', '研发部门', '/system/menu/2012', '127.0.0.1', '内网IP', '{}', '{\"msg\":\"操作成功\",\"code\":200}', 0, NULL, '2023-12-09 16:33:18', 16);
INSERT INTO `sys_oper_log` VALUES (42, '菜单管理', 3, 'com.ldb.project.system.controller.SysMenuController.remove()', 'DELETE', 1, 'admin', '研发部门', '/system/menu/2007', '127.0.0.1', '内网IP', '{}', '{\"msg\":\"操作成功\",\"code\":200}', 0, NULL, '2023-12-09 16:33:20', 18);
INSERT INTO `sys_oper_log` VALUES (43, '菜单管理', 3, 'com.ldb.project.system.controller.SysMenuController.remove()', 'DELETE', 1, 'admin', '研发部门', '/system/menu/2001', '127.0.0.1', '内网IP', '{}', '{\"msg\":\"操作成功\",\"code\":200}', 0, NULL, '2023-12-09 16:33:32', 27);
INSERT INTO `sys_oper_log` VALUES (44, '菜单管理', 2, 'com.ldb.project.system.controller.SysMenuController.edit()', 'PUT', 1, 'admin', '研发部门', '/system/menu', '127.0.0.1', '内网IP', '{\"children\":[],\"component\":\"server/manage/index\",\"createTime\":\"2023-12-09 16:35:52\",\"icon\":\"#\",\"isCache\":\"0\",\"isFrame\":\"1\",\"menuId\":2013,\"menuName\":\"书籍\",\"menuType\":\"C\",\"orderNum\":1,\"params\":{},\"parentId\":1,\"path\":\"manage\",\"perms\":\"server:manage:list\",\"status\":\"0\",\"updateBy\":\"admin\",\"visible\":\"0\"}', '{\"msg\":\"操作成功\",\"code\":200}', 0, NULL, '2023-12-09 16:42:31', 20);
INSERT INTO `sys_oper_log` VALUES (45, '菜单管理', 3, 'com.ldb.project.system.controller.SysMenuController.remove()', 'DELETE', 1, 'admin', '研发部门', '/system/menu/2000', '127.0.0.1', '内网IP', '{}', '{\"msg\":\"操作成功\",\"code\":200}', 0, NULL, '2023-12-09 16:45:39', 55);
INSERT INTO `sys_oper_log` VALUES (46, '菜单管理', 2, 'com.ldb.project.system.controller.SysMenuController.edit()', 'PUT', 1, 'admin', '研发部门', '/system/menu', '127.0.0.1', '内网IP', '{\"children\":[],\"createTime\":\"2023-12-08 21:00:41\",\"icon\":\"chart\",\"isCache\":\"0\",\"isFrame\":\"1\",\"menuId\":1,\"menuName\":\"核心业务\",\"menuType\":\"M\",\"orderNum\":1,\"params\":{},\"parentId\":0,\"path\":\"system\",\"perms\":\"\",\"query\":\"\",\"status\":\"0\",\"updateBy\":\"admin\",\"visible\":\"0\"}', '{\"msg\":\"操作成功\",\"code\":200}', 0, NULL, '2023-12-09 16:46:16', 11);
INSERT INTO `sys_oper_log` VALUES (47, '菜单管理', 2, 'com.ldb.project.system.controller.SysMenuController.edit()', 'PUT', 1, 'admin', '研发部门', '/system/menu', '127.0.0.1', '内网IP', '{\"children\":[],\"createTime\":\"2023-12-08 21:00:41\",\"icon\":\"druid\",\"isCache\":\"0\",\"isFrame\":\"1\",\"menuId\":2,\"menuName\":\"系统管理\",\"menuType\":\"M\",\"orderNum\":2,\"params\":{},\"parentId\":0,\"path\":\"monitor\",\"perms\":\"\",\"query\":\"\",\"status\":\"0\",\"updateBy\":\"admin\",\"visible\":\"0\"}', '{\"msg\":\"操作成功\",\"code\":200}', 0, NULL, '2023-12-09 16:47:07', 10);
INSERT INTO `sys_oper_log` VALUES (48, '菜单管理', 2, 'com.ldb.project.system.controller.SysMenuController.edit()', 'PUT', 1, 'admin', '研发部门', '/system/menu', '127.0.0.1', '内网IP', '{\"children\":[],\"component\":\"monitor/operlog/index\",\"createTime\":\"2023-12-08 21:00:41\",\"icon\":\"form\",\"isCache\":\"1\",\"isFrame\":\"1\",\"menuId\":500,\"menuName\":\"操作日志\",\"menuType\":\"C\",\"orderNum\":1,\"params\":{},\"parentId\":108,\"path\":\"operlog\",\"perms\":\"monitor:operlog:list\",\"query\":\"\",\"status\":\"1\",\"updateBy\":\"admin\",\"visible\":\"1\"}', '{\"msg\":\"操作成功\",\"code\":200}', 0, NULL, '2023-12-09 16:47:45', 11);
INSERT INTO `sys_oper_log` VALUES (49, '菜单管理', 2, 'com.ldb.project.system.controller.SysMenuController.edit()', 'PUT', 1, 'admin', '研发部门', '/system/menu', '127.0.0.1', '内网IP', '{\"children\":[],\"component\":\"monitor/operlog/index\",\"createTime\":\"2023-12-08 21:00:41\",\"icon\":\"form\",\"isCache\":\"1\",\"isFrame\":\"1\",\"menuId\":500,\"menuName\":\"操作日志\",\"menuType\":\"C\",\"orderNum\":1,\"params\":{},\"parentId\":108,\"path\":\"operlog\",\"perms\":\"monitor:operlog:list\",\"query\":\"\",\"status\":\"1\",\"updateBy\":\"admin\",\"visible\":\"1\"}', '{\"msg\":\"操作成功\",\"code\":200}', 0, NULL, '2023-12-09 16:48:04', 10);
INSERT INTO `sys_oper_log` VALUES (50, '菜单管理', 2, 'com.ldb.project.system.controller.SysMenuController.edit()', 'PUT', 1, 'admin', '研发部门', '/system/menu', '127.0.0.1', '内网IP', '{\"children\":[],\"component\":\"\",\"createTime\":\"2023-12-08 21:00:41\",\"icon\":\"log\",\"isCache\":\"0\",\"isFrame\":\"1\",\"menuId\":108,\"menuName\":\"系统日志\",\"menuType\":\"M\",\"orderNum\":9,\"params\":{},\"parentId\":2,\"path\":\"log\",\"perms\":\"\",\"query\":\"\",\"status\":\"0\",\"updateBy\":\"admin\",\"visible\":\"0\"}', '{\"msg\":\"操作成功\",\"code\":200}', 0, NULL, '2023-12-09 16:48:16', 10);
INSERT INTO `sys_oper_log` VALUES (51, '菜单管理', 2, 'com.ldb.project.system.controller.SysMenuController.edit()', 'PUT', 1, 'admin', '研发部门', '/system/menu', '127.0.0.1', '内网IP', '{\"children\":[],\"component\":\"\",\"createTime\":\"2023-12-08 21:00:41\",\"icon\":\"log\",\"isCache\":\"0\",\"isFrame\":\"1\",\"menuId\":108,\"menuName\":\"系统日志\",\"menuType\":\"M\",\"orderNum\":9,\"params\":{},\"parentId\":3,\"path\":\"log\",\"perms\":\"\",\"query\":\"\",\"status\":\"0\",\"updateBy\":\"admin\",\"visible\":\"0\"}', '{\"msg\":\"操作成功\",\"code\":200}', 0, NULL, '2023-12-09 16:48:32', 10);
INSERT INTO `sys_oper_log` VALUES (52, '菜单管理', 2, 'com.ldb.project.system.controller.SysMenuController.edit()', 'PUT', 1, 'admin', '研发部门', '/system/menu', '127.0.0.1', '内网IP', '{\"children\":[],\"component\":\"monitor/cache/index\",\"createTime\":\"2023-12-08 21:00:41\",\"icon\":\"redis\",\"isCache\":\"0\",\"isFrame\":\"1\",\"menuId\":113,\"menuName\":\"缓存监控\",\"menuType\":\"C\",\"orderNum\":5,\"params\":{},\"parentId\":2,\"path\":\"cache\",\"perms\":\"monitor:cache:list\",\"query\":\"\",\"status\":\"1\",\"updateBy\":\"admin\",\"visible\":\"1\"}', '{\"msg\":\"操作成功\",\"code\":200}', 0, NULL, '2023-12-09 16:48:43', 7);
INSERT INTO `sys_oper_log` VALUES (53, '菜单管理', 2, 'com.ldb.project.system.controller.SysMenuController.edit()', 'PUT', 1, 'admin', '研发部门', '/system/menu', '127.0.0.1', '内网IP', '{\"children\":[],\"component\":\"monitor/cache/index\",\"createTime\":\"2023-12-08 21:00:41\",\"icon\":\"redis\",\"isCache\":\"1\",\"isFrame\":\"1\",\"menuId\":113,\"menuName\":\"缓存监控\",\"menuType\":\"C\",\"orderNum\":5,\"params\":{},\"parentId\":2,\"path\":\"cache\",\"perms\":\"monitor:cache:list\",\"query\":\"\",\"status\":\"1\",\"updateBy\":\"admin\",\"visible\":\"1\"}', '{\"msg\":\"操作成功\",\"code\":200}', 0, NULL, '2023-12-09 16:48:46', 8);
INSERT INTO `sys_oper_log` VALUES (54, '菜单管理', 2, 'com.ldb.project.system.controller.SysMenuController.edit()', 'PUT', 1, 'admin', '研发部门', '/system/menu', '127.0.0.1', '内网IP', '{\"children\":[],\"component\":\"monitor/druid/index\",\"createTime\":\"2023-12-08 21:00:41\",\"icon\":\"druid\",\"isCache\":\"1\",\"isFrame\":\"1\",\"menuId\":111,\"menuName\":\"数据监控\",\"menuType\":\"C\",\"orderNum\":3,\"params\":{},\"parentId\":2,\"path\":\"druid\",\"perms\":\"monitor:druid:list\",\"query\":\"\",\"status\":\"1\",\"updateBy\":\"admin\",\"visible\":\"1\"}', '{\"msg\":\"操作成功\",\"code\":200}', 0, NULL, '2023-12-09 16:48:54', 9);
INSERT INTO `sys_oper_log` VALUES (55, '菜单管理', 2, 'com.ldb.project.system.controller.SysMenuController.edit()', 'PUT', 1, 'admin', '研发部门', '/system/menu', '127.0.0.1', '内网IP', '{\"children\":[],\"component\":\"monitor/server/index\",\"createTime\":\"2023-12-08 21:00:41\",\"icon\":\"server\",\"isCache\":\"1\",\"isFrame\":\"1\",\"menuId\":112,\"menuName\":\"服务监控\",\"menuType\":\"C\",\"orderNum\":4,\"params\":{},\"parentId\":2,\"path\":\"server\",\"perms\":\"monitor:server:list\",\"query\":\"\",\"status\":\"1\",\"updateBy\":\"admin\",\"visible\":\"1\"}', '{\"msg\":\"操作成功\",\"code\":200}', 0, NULL, '2023-12-09 16:48:58', 11);
INSERT INTO `sys_oper_log` VALUES (56, '菜单管理', 2, 'com.ldb.project.system.controller.SysMenuController.edit()', 'PUT', 1, 'admin', '研发部门', '/system/menu', '127.0.0.1', '内网IP', '{\"children\":[],\"component\":\"monitor/job/index\",\"createTime\":\"2023-12-08 21:00:41\",\"icon\":\"job\",\"isCache\":\"1\",\"isFrame\":\"1\",\"menuId\":110,\"menuName\":\"定时任务\",\"menuType\":\"C\",\"orderNum\":2,\"params\":{},\"parentId\":3,\"path\":\"job\",\"perms\":\"monitor:job:list\",\"query\":\"\",\"status\":\"1\",\"updateBy\":\"admin\",\"visible\":\"1\"}', '{\"msg\":\"操作成功\",\"code\":200}', 0, NULL, '2023-12-09 16:49:09', 13);
INSERT INTO `sys_oper_log` VALUES (57, '菜单管理', 2, 'com.ldb.project.system.controller.SysMenuController.edit()', 'PUT', 1, 'admin', '研发部门', '/system/menu', '127.0.0.1', '内网IP', '{\"children\":[],\"component\":\"monitor/online/index\",\"createTime\":\"2023-12-08 21:00:41\",\"icon\":\"online\",\"isCache\":\"1\",\"isFrame\":\"1\",\"menuId\":109,\"menuName\":\"当前在线\",\"menuType\":\"C\",\"orderNum\":1,\"params\":{},\"parentId\":2,\"path\":\"online\",\"perms\":\"monitor:online:list\",\"query\":\"\",\"status\":\"1\",\"updateBy\":\"admin\",\"visible\":\"1\"}', '{\"msg\":\"操作成功\",\"code\":200}', 0, NULL, '2023-12-09 16:49:25', 10);
INSERT INTO `sys_oper_log` VALUES (58, '菜单管理', 2, 'com.ldb.project.system.controller.SysMenuController.edit()', 'PUT', 1, 'admin', '研发部门', '/system/menu', '127.0.0.1', '内网IP', '{\"children\":[],\"component\":\"monitor/online/index\",\"createTime\":\"2023-12-08 21:00:41\",\"icon\":\"online\",\"isCache\":\"1\",\"isFrame\":\"1\",\"menuId\":109,\"menuName\":\"当前在线\",\"menuType\":\"C\",\"orderNum\":1,\"params\":{},\"parentId\":3,\"path\":\"online\",\"perms\":\"monitor:online:list\",\"query\":\"\",\"status\":\"1\",\"updateBy\":\"admin\",\"visible\":\"1\"}', '{\"msg\":\"操作成功\",\"code\":200}', 0, NULL, '2023-12-09 16:49:32', 12);
INSERT INTO `sys_oper_log` VALUES (59, '菜单管理', 2, 'com.ldb.project.system.controller.SysMenuController.edit()', 'PUT', 1, 'admin', '研发部门', '/system/menu', '127.0.0.1', '内网IP', '{\"children\":[],\"component\":\"system/role/index\",\"createTime\":\"2023-12-08 21:00:41\",\"icon\":\"peoples\",\"isCache\":\"0\",\"isFrame\":\"1\",\"menuId\":101,\"menuName\":\"角色管理\",\"menuType\":\"C\",\"orderNum\":2,\"params\":{},\"parentId\":2,\"path\":\"role\",\"perms\":\"system:role:list\",\"query\":\"\",\"status\":\"0\",\"updateBy\":\"admin\",\"visible\":\"0\"}', '{\"msg\":\"操作成功\",\"code\":200}', 0, NULL, '2023-12-09 16:50:31', 14);
INSERT INTO `sys_oper_log` VALUES (60, '菜单管理', 2, 'com.ldb.project.system.controller.SysMenuController.edit()', 'PUT', 1, 'admin', '研发部门', '/system/menu', '127.0.0.1', '内网IP', '{\"children\":[],\"component\":\"system/dept/index\",\"createTime\":\"2023-12-08 21:00:41\",\"icon\":\"tree\",\"isCache\":\"0\",\"isFrame\":\"1\",\"menuId\":103,\"menuName\":\"部门管理\",\"menuType\":\"C\",\"orderNum\":4,\"params\":{},\"parentId\":2,\"path\":\"dept\",\"perms\":\"system:dept:list\",\"query\":\"\",\"status\":\"0\",\"updateBy\":\"admin\",\"visible\":\"0\"}', '{\"msg\":\"操作成功\",\"code\":200}', 0, NULL, '2023-12-09 16:50:42', 14);
INSERT INTO `sys_oper_log` VALUES (61, '菜单管理', 2, 'com.ldb.project.system.controller.SysMenuController.edit()', 'PUT', 1, 'admin', '研发部门', '/system/menu', '127.0.0.1', '内网IP', '{\"children\":[],\"component\":\"monitor/cache/list\",\"createTime\":\"2023-12-08 21:00:41\",\"icon\":\"redis-list\",\"isCache\":\"0\",\"isFrame\":\"1\",\"menuId\":114,\"menuName\":\"缓存列表\",\"menuType\":\"C\",\"orderNum\":6,\"params\":{},\"parentId\":3,\"path\":\"cacheList\",\"perms\":\"monitor:cache:list\",\"query\":\"\",\"status\":\"1\",\"updateBy\":\"admin\",\"visible\":\"1\"}', '{\"msg\":\"操作成功\",\"code\":200}', 0, NULL, '2023-12-09 16:51:12', 11);
INSERT INTO `sys_oper_log` VALUES (62, '菜单管理', 2, 'com.ldb.project.system.controller.SysMenuController.edit()', 'PUT', 1, 'admin', '研发部门', '/system/menu', '127.0.0.1', '内网IP', '{\"children\":[],\"component\":\"system/role/index\",\"createTime\":\"2023-12-08 21:00:41\",\"icon\":\"peoples\",\"isCache\":\"0\",\"isFrame\":\"1\",\"menuId\":101,\"menuName\":\"成员管理\",\"menuType\":\"C\",\"orderNum\":2,\"params\":{},\"parentId\":2,\"path\":\"role\",\"perms\":\"system:role:list\",\"query\":\"\",\"status\":\"0\",\"updateBy\":\"admin\",\"visible\":\"0\"}', '{\"msg\":\"操作成功\",\"code\":200}', 0, NULL, '2023-12-09 16:51:30', 7);
INSERT INTO `sys_oper_log` VALUES (63, '菜单管理', 2, 'com.ldb.project.system.controller.SysMenuController.edit()', 'PUT', 1, 'admin', '研发部门', '/system/menu', '127.0.0.1', '内网IP', '{\"children\":[],\"component\":\"system/post/index\",\"createTime\":\"2023-12-08 21:00:41\",\"icon\":\"post\",\"isCache\":\"0\",\"isFrame\":\"1\",\"menuId\":104,\"menuName\":\"岗位管理\",\"menuType\":\"C\",\"orderNum\":5,\"params\":{},\"parentId\":2,\"path\":\"post\",\"perms\":\"system:post:list\",\"query\":\"\",\"status\":\"1\",\"updateBy\":\"admin\",\"visible\":\"1\"}', '{\"msg\":\"操作成功\",\"code\":200}', 0, NULL, '2023-12-09 16:52:09', 10);
INSERT INTO `sys_oper_log` VALUES (64, '菜单管理', 2, 'com.ldb.project.system.controller.SysMenuController.edit()', 'PUT', 1, 'admin', '研发部门', '/system/menu', '127.0.0.1', '内网IP', '{\"children\":[],\"component\":\"system/notice/index\",\"createTime\":\"2023-12-08 21:00:41\",\"icon\":\"tab\",\"isCache\":\"0\",\"isFrame\":\"1\",\"menuId\":107,\"menuName\":\"公告版\",\"menuType\":\"C\",\"orderNum\":8,\"params\":{},\"parentId\":1,\"path\":\"notice\",\"perms\":\"system:notice:list\",\"query\":\"\",\"status\":\"0\",\"updateBy\":\"admin\",\"visible\":\"0\"}', '{\"msg\":\"操作成功\",\"code\":200}', 0, NULL, '2023-12-09 16:53:03', 13);
INSERT INTO `sys_oper_log` VALUES (65, '菜单管理', 2, 'com.ldb.project.system.controller.SysMenuController.edit()', 'PUT', 1, 'admin', '研发部门', '/system/menu', '127.0.0.1', '内网IP', '{\"children\":[],\"component\":\"system/notice/index\",\"createTime\":\"2023-12-08 21:00:41\",\"icon\":\"tab\",\"isCache\":\"0\",\"isFrame\":\"1\",\"menuId\":107,\"menuName\":\"公告板\",\"menuType\":\"C\",\"orderNum\":8,\"params\":{},\"parentId\":1,\"path\":\"notice\",\"perms\":\"system:notice:list\",\"query\":\"\",\"status\":\"0\",\"updateBy\":\"admin\",\"visible\":\"0\"}', '{\"msg\":\"操作成功\",\"code\":200}', 0, NULL, '2023-12-09 16:53:22', 7);
INSERT INTO `sys_oper_log` VALUES (66, '菜单管理', 2, 'com.ldb.project.system.controller.SysMenuController.edit()', 'PUT', 1, 'admin', '研发部门', '/system/menu', '127.0.0.1', '内网IP', '{\"children\":[],\"component\":\"system/dict/index\",\"createTime\":\"2023-12-08 21:00:41\",\"icon\":\"dict\",\"isCache\":\"1\",\"isFrame\":\"1\",\"menuId\":105,\"menuName\":\"字典管理\",\"menuType\":\"C\",\"orderNum\":6,\"params\":{},\"parentId\":3,\"path\":\"dict\",\"perms\":\"system:dict:list\",\"query\":\"\",\"status\":\"1\",\"updateBy\":\"admin\",\"visible\":\"1\"}', '{\"msg\":\"操作成功\",\"code\":200}', 0, NULL, '2023-12-09 16:53:38', 13);
INSERT INTO `sys_oper_log` VALUES (67, '菜单管理', 2, 'com.ldb.project.system.controller.SysMenuController.edit()', 'PUT', 1, 'admin', '研发部门', '/system/menu', '127.0.0.1', '内网IP', '{\"children\":[],\"component\":\"system/config/index\",\"createTime\":\"2023-12-08 21:00:41\",\"icon\":\"edit\",\"isCache\":\"1\",\"isFrame\":\"1\",\"menuId\":106,\"menuName\":\"参数设置\",\"menuType\":\"C\",\"orderNum\":7,\"params\":{},\"parentId\":3,\"path\":\"config\",\"perms\":\"system:config:list\",\"query\":\"\",\"status\":\"1\",\"updateBy\":\"admin\",\"visible\":\"1\"}', '{\"msg\":\"操作成功\",\"code\":200}', 0, NULL, '2023-12-09 16:53:47', 11);
INSERT INTO `sys_oper_log` VALUES (68, '菜单管理', 2, 'com.ldb.project.system.controller.SysMenuController.edit()', 'PUT', 1, 'admin', '研发部门', '/system/menu', '127.0.0.1', '内网IP', '{\"children\":[],\"component\":\"system/user/index\",\"createTime\":\"2023-12-08 21:00:41\",\"icon\":\"user\",\"isCache\":\"1\",\"isFrame\":\"1\",\"menuId\":100,\"menuName\":\"用户管理\",\"menuType\":\"C\",\"orderNum\":1,\"params\":{},\"parentId\":3,\"path\":\"user\",\"perms\":\"system:user:list\",\"query\":\"\",\"status\":\"1\",\"updateBy\":\"admin\",\"visible\":\"1\"}', '{\"msg\":\"操作成功\",\"code\":200}', 0, NULL, '2023-12-09 16:53:59', 5);
INSERT INTO `sys_oper_log` VALUES (69, '菜单管理', 2, 'com.ldb.project.system.controller.SysMenuController.edit()', 'PUT', 1, 'admin', '研发部门', '/system/menu', '127.0.0.1', '内网IP', '{\"children\":[],\"component\":\"system/notice/index\",\"createTime\":\"2023-12-08 21:00:41\",\"icon\":\"tab\",\"isCache\":\"0\",\"isFrame\":\"1\",\"menuId\":107,\"menuName\":\"公告板\",\"menuType\":\"C\",\"orderNum\":8,\"params\":{},\"parentId\":2,\"path\":\"notice\",\"perms\":\"system:notice:list\",\"query\":\"\",\"status\":\"0\",\"updateBy\":\"admin\",\"visible\":\"0\"}', '{\"msg\":\"操作成功\",\"code\":200}', 0, NULL, '2023-12-09 16:54:27', 12);
INSERT INTO `sys_oper_log` VALUES (70, '菜单管理', 2, 'com.ldb.project.system.controller.SysMenuController.edit()', 'PUT', 1, 'admin', '研发部门', '/system/menu', '127.0.0.1', '内网IP', '{\"children\":[],\"component\":\"system/menu/index\",\"createTime\":\"2023-12-08 21:00:41\",\"icon\":\"tree-table\",\"isCache\":\"0\",\"isFrame\":\"1\",\"menuId\":102,\"menuName\":\"菜单选项\",\"menuType\":\"C\",\"orderNum\":0,\"params\":{},\"parentId\":3,\"path\":\"menu\",\"perms\":\"system:menu:list\",\"query\":\"\",\"status\":\"0\",\"updateBy\":\"admin\",\"visible\":\"0\"}', '{\"msg\":\"操作成功\",\"code\":200}', 0, NULL, '2023-12-09 16:54:51', 10);
INSERT INTO `sys_oper_log` VALUES (71, '菜单管理', 2, 'com.ldb.project.system.controller.SysMenuController.edit()', 'PUT', 1, 'admin', '研发部门', '/system/menu', '127.0.0.1', '内网IP', '{\"children\":[],\"component\":\"\",\"createTime\":\"2023-12-08 21:00:41\",\"icon\":\"log\",\"isCache\":\"0\",\"isFrame\":\"1\",\"menuId\":108,\"menuName\":\"系统日志\",\"menuType\":\"M\",\"orderNum\":9,\"params\":{},\"parentId\":3,\"path\":\"log\",\"perms\":\"\",\"query\":\"\",\"status\":\"1\",\"updateBy\":\"admin\",\"visible\":\"1\"}', '{\"msg\":\"操作成功\",\"code\":200}', 0, NULL, '2023-12-09 16:55:08', 8);
INSERT INTO `sys_oper_log` VALUES (72, '代码生成', 2, 'com.ldb.project.tool.gen.controller.GenController.editSave()', 'PUT', 1, 'admin', '研发部门', '/tool/gen', '127.0.0.1', '内网IP', '{\"businessName\":\"Book\",\"className\":\"Book\",\"columns\":[{\"capJavaField\":\"BookId\",\"columnComment\":\"\",\"columnId\":1,\"columnName\":\"book_id\",\"columnType\":\"int\",\"createBy\":\"admin\",\"createTime\":\"2023-12-08 22:00:10\",\"dictType\":\"\",\"edit\":false,\"htmlType\":\"input\",\"increment\":false,\"insert\":true,\"isIncrement\":\"0\",\"isInsert\":\"1\",\"isPk\":\"1\",\"isRequired\":\"0\",\"javaField\":\"bookId\",\"javaType\":\"Long\",\"list\":false,\"params\":{},\"pk\":true,\"query\":false,\"queryType\":\"EQ\",\"required\":false,\"sort\":1,\"superColumn\":false,\"tableId\":1,\"updateBy\":\"\",\"updateTime\":\"2023-12-09 16:31:27\",\"usableColumn\":false},{\"capJavaField\":\"BookName\",\"columnComment\":\"\",\"columnId\":2,\"columnName\":\"book_name\",\"columnType\":\"varchar(20)\",\"createBy\":\"admin\",\"createTime\":\"2023-12-08 22:00:10\",\"dictType\":\"\",\"edit\":true,\"htmlType\":\"input\",\"increment\":false,\"insert\":true,\"isEdit\":\"1\",\"isIncrement\":\"0\",\"isInsert\":\"1\",\"isList\":\"1\",\"isPk\":\"0\",\"isQuery\":\"1\",\"isRequired\":\"0\",\"javaField\":\"bookName\",\"javaType\":\"String\",\"list\":true,\"params\":{},\"pk\":false,\"query\":true,\"queryType\":\"LIKE\",\"required\":false,\"sort\":2,\"superColumn\":false,\"tableId\":1,\"updateBy\":\"\",\"updateTime\":\"2023-12-09 16:31:27\",\"usableColumn\":false},{\"capJavaField\":\"Author\",\"columnComment\":\"\",\"columnId\":3,\"columnName\":\"author\",\"columnType\":\"varchar(10)\",\"createBy\":\"admin\",\"createTime\":\"2023-12-08 22:00:10\",\"dictType\":\"\",\"edit\":true,\"htmlType\":\"input\",\"increment\":false,\"insert\":true,\"isEdit\":\"1\",\"isIncrement\":\"0\",\"isInsert\":\"1\",\"isList\":\"1\",\"isPk\":\"0\",\"isQuery\":\"1\",\"isRequired\":\"0\",\"javaField\":\"author\",\"javaType\":\"String\",\"list\":true,\"params\":{},\"pk\":false,\"query\":true,\"queryType\":\"EQ\",\"required\":false,\"sort\":3,\"superColumn\":false,\"tableId\":1,\"updateBy\":\"\",\"updateTime\":\"2023-12-09 16:31:27\",\"usableColumn\":false},{\"capJavaField\":\"BookType\",\"columnComment\":\"\",\"columnId\":4,\"columnName\":\"book_type\",\"columnType\":\"varchar(10)\",\"createBy\":\"admin\",\"createTime\":\"2023-12-08 22:00:10\",\"dictType\":\"\",\"edit\":true,\"htmlType\":\"select\",\"increment\":false,\"insert\":true,\"isEdit\":\"1\",\"isIncreme', '{\"msg\":\"操作成功\",\"code\":200}', 0, NULL, '2023-12-09 16:58:03', 53);
INSERT INTO `sys_oper_log` VALUES (73, '代码生成', 8, 'com.ldb.project.tool.gen.controller.GenController.batchGenCode()', 'GET', 1, 'admin', '研发部门', '/tool/gen/batchGenCode', '127.0.0.1', '内网IP', '{\"tables\":\"book\"}', NULL, 0, NULL, '2023-12-09 16:58:07', 60);
INSERT INTO `sys_oper_log` VALUES (74, '书籍', 5, 'com.ldb.project.server.controller.BookController.export()', 'POST', 1, 'admin', '研发部门', '/server/Book/export', '127.0.0.1', '内网IP', '{\"pageSize\":\"10\",\"pageNum\":\"1\"}', NULL, 0, NULL, '2023-12-09 17:01:38', 851);
INSERT INTO `sys_oper_log` VALUES (75, '书籍', 1, 'com.ldb.project.server.controller.BookController.add()', 'POST', 1, 'admin', '研发部门', '/server/Book', '127.0.0.1', '内网IP', '{\"author\":\"1\",\"bookName\":\"1\",\"bookPrice\":1,\"bookshelfNumber\":\"1\",\"borrowedNumber\":\"1\",\"collectionNumber\":1,\"inLibrariesNumber\":\"1\",\"params\":{},\"publishingHouse\":\"1\",\"summary\":\"1\"}', NULL, 1, '\r\n### Error updating database.  Cause: java.sql.SQLException: Field \'book_id\' doesn\'t have a default value\r\n### The error may exist in file [D:\\Workshop\\Codes\\FIGHT\\LibraryDBMS\\target\\classes\\mybatis\\server\\BookMapper.xml]\r\n### The error may involve com.ldb.project.server.mapper.BookMapper.insertBook-Inline\r\n### The error occurred while setting parameters\r\n### SQL: insert into book          ( book_name,             author,                          book_price,             publishing_house,             summary,             collection_number,             in_libraries_number,             bookshelf_number,             borrowed_number )           values ( ?,             ?,                          ?,             ?,             ?,             ?,             ?,             ?,             ? )\r\n### Cause: java.sql.SQLException: Field \'book_id\' doesn\'t have a default value\n; Field \'book_id\' doesn\'t have a default value; nested exception is java.sql.SQLException: Field \'book_id\' doesn\'t have a default value', '2023-12-09 17:01:52', 74);
INSERT INTO `sys_oper_log` VALUES (76, '书籍', 1, 'com.ldb.project.server.controller.BookController.add()', 'POST', 1, 'admin', '研发部门', '/server/Book', '127.0.0.1', '内网IP', '{\"author\":\"1\",\"bookPrice\":1,\"bookshelfNumber\":\"1\",\"borrowedNumber\":\"1\",\"collectionNumber\":1,\"inLibrariesNumber\":\"1\",\"params\":{},\"publishingHouse\":\"1\",\"summary\":\"1\"}', '{\"msg\":\"操作成功\",\"code\":200}', 0, NULL, '2023-12-09 17:02:53', 27);
INSERT INTO `sys_oper_log` VALUES (77, '书籍', 2, 'com.ldb.project.server.controller.BookController.edit()', 'PUT', 1, 'admin', '研发部门', '/server/Book', '127.0.0.1', '内网IP', '{\"author\":\"1\",\"bookId\":1,\"bookName\":\"1\",\"bookPrice\":1,\"bookshelfNumber\":\"1\",\"borrowedNumber\":\"1\",\"collectionNumber\":1,\"inLibrariesNumber\":\"1\",\"params\":{},\"publishingHouse\":\"1\",\"summary\":\"1\"}', '{\"msg\":\"操作成功\",\"code\":200}', 0, NULL, '2023-12-09 17:03:11', 15);
INSERT INTO `sys_oper_log` VALUES (78, '代码生成', 3, 'com.ldb.project.tool.gen.controller.GenController.remove()', 'DELETE', 1, 'admin', '研发部门', '/tool/gen/1', '127.0.0.1', '内网IP', '{}', '{\"msg\":\"操作成功\",\"code\":200}', 0, NULL, '2023-12-09 19:48:01', 49);
INSERT INTO `sys_oper_log` VALUES (79, '代码生成', 6, 'com.ldb.project.tool.gen.controller.GenController.importTableSave()', 'POST', 1, 'admin', '研发部门', '/tool/gen/importTable', '127.0.0.1', '内网IP', '{\"tables\":\"borrow,bookshelf,book,user_type,staff,reader\"}', '{\"msg\":\"操作成功\",\"code\":200}', 0, NULL, '2023-12-09 19:48:33', 236);
INSERT INTO `sys_oper_log` VALUES (80, '菜单管理', 3, 'com.ldb.project.system.controller.SysMenuController.remove()', 'DELETE', 1, 'admin', '研发部门', '/system/menu/2020', '127.0.0.1', '内网IP', '{}', '{\"msg\":\"操作成功\",\"code\":200}', 0, NULL, '2023-12-09 19:51:42', 49);
INSERT INTO `sys_oper_log` VALUES (81, '菜单管理', 3, 'com.ldb.project.system.controller.SysMenuController.remove()', 'DELETE', 1, 'admin', '研发部门', '/system/menu/2021', '127.0.0.1', '内网IP', '{}', '{\"msg\":\"操作成功\",\"code\":200}', 0, NULL, '2023-12-09 19:51:44', 48);
INSERT INTO `sys_oper_log` VALUES (82, '菜单管理', 3, 'com.ldb.project.system.controller.SysMenuController.remove()', 'DELETE', 1, 'admin', '研发部门', '/system/menu/2022', '127.0.0.1', '内网IP', '{}', '{\"msg\":\"操作成功\",\"code\":200}', 0, NULL, '2023-12-09 19:51:46', 38);
INSERT INTO `sys_oper_log` VALUES (83, '菜单管理', 3, 'com.ldb.project.system.controller.SysMenuController.remove()', 'DELETE', 1, 'admin', '研发部门', '/system/menu/2023', '127.0.0.1', '内网IP', '{}', '{\"msg\":\"操作成功\",\"code\":200}', 0, NULL, '2023-12-09 19:51:48', 52);
INSERT INTO `sys_oper_log` VALUES (84, '菜单管理', 3, 'com.ldb.project.system.controller.SysMenuController.remove()', 'DELETE', 1, 'admin', '研发部门', '/system/menu/2024', '127.0.0.1', '内网IP', '{}', '{\"msg\":\"操作成功\",\"code\":200}', 0, NULL, '2023-12-09 19:51:51', 42);
INSERT INTO `sys_oper_log` VALUES (85, '菜单管理', 3, 'com.ldb.project.system.controller.SysMenuController.remove()', 'DELETE', 1, 'admin', '研发部门', '/system/menu/2014', '127.0.0.1', '内网IP', '{}', '{\"msg\":\"操作成功\",\"code\":200}', 0, NULL, '2023-12-09 19:51:54', 24);
INSERT INTO `sys_oper_log` VALUES (86, '菜单管理', 3, 'com.ldb.project.system.controller.SysMenuController.remove()', 'DELETE', 1, 'admin', '研发部门', '/system/menu/2013', '127.0.0.1', '内网IP', '{}', '{\"msg\":\"存在子菜单,不允许删除\",\"code\":601}', 0, NULL, '2023-12-09 19:51:57', 8);
INSERT INTO `sys_oper_log` VALUES (87, '菜单管理', 3, 'com.ldb.project.system.controller.SysMenuController.remove()', 'DELETE', 1, 'admin', '研发部门', '/system/menu/2015', '127.0.0.1', '内网IP', '{}', '{\"msg\":\"操作成功\",\"code\":200}', 0, NULL, '2023-12-09 19:52:02', 21);
INSERT INTO `sys_oper_log` VALUES (88, '菜单管理', 3, 'com.ldb.project.system.controller.SysMenuController.remove()', 'DELETE', 1, 'admin', '研发部门', '/system/menu/2017', '127.0.0.1', '内网IP', '{}', '{\"msg\":\"操作成功\",\"code\":200}', 0, NULL, '2023-12-09 19:52:05', 20);
INSERT INTO `sys_oper_log` VALUES (89, '菜单管理', 3, 'com.ldb.project.system.controller.SysMenuController.remove()', 'DELETE', 1, 'admin', '研发部门', '/system/menu/2016', '127.0.0.1', '内网IP', '{}', '{\"msg\":\"操作成功\",\"code\":200}', 0, NULL, '2023-12-09 19:52:09', 41);
INSERT INTO `sys_oper_log` VALUES (90, '菜单管理', 3, 'com.ldb.project.system.controller.SysMenuController.remove()', 'DELETE', 1, 'admin', '研发部门', '/system/menu/2018', '127.0.0.1', '内网IP', '{}', '{\"msg\":\"操作成功\",\"code\":200}', 0, NULL, '2023-12-09 19:52:12', 24);
INSERT INTO `sys_oper_log` VALUES (91, '菜单管理', 3, 'com.ldb.project.system.controller.SysMenuController.remove()', 'DELETE', 1, 'admin', '研发部门', '/system/menu/2013', '127.0.0.1', '内网IP', '{}', '{\"msg\":\"操作成功\",\"code\":200}', 0, NULL, '2023-12-09 19:52:14', 43);
INSERT INTO `sys_oper_log` VALUES (92, '菜单管理', 3, 'com.ldb.project.system.controller.SysMenuController.remove()', 'DELETE', 1, 'admin', '研发部门', '/system/menu/2019', '127.0.0.1', '内网IP', '{}', '{\"msg\":\"操作成功\",\"code\":200}', 0, NULL, '2023-12-09 19:52:16', 40);
INSERT INTO `sys_oper_log` VALUES (93, '代码生成', 2, 'com.ldb.project.tool.gen.controller.GenController.editSave()', 'PUT', 1, 'admin', '研发部门', '/tool/gen', '127.0.0.1', '内网IP', '{\"businessName\":\"Book\",\"className\":\"Book\",\"columns\":[{\"capJavaField\":\"BookId\",\"columnComment\":\"序号\",\"columnId\":32,\"columnName\":\"book_id\",\"columnType\":\"int\",\"createBy\":\"admin\",\"createTime\":\"2023-12-09 19:48:33\",\"dictType\":\"\",\"edit\":false,\"htmlType\":\"input\",\"increment\":false,\"insert\":true,\"isIncrement\":\"0\",\"isInsert\":\"1\",\"isPk\":\"1\",\"isRequired\":\"1\",\"javaField\":\"bookId\",\"javaType\":\"Long\",\"list\":false,\"params\":{},\"pk\":true,\"query\":false,\"queryType\":\"EQ\",\"required\":true,\"sort\":1,\"superColumn\":false,\"tableId\":7,\"updateBy\":\"\",\"usableColumn\":false},{\"capJavaField\":\"BookName\",\"columnComment\":\"名称\",\"columnId\":33,\"columnName\":\"book_name\",\"columnType\":\"varchar(20)\",\"createBy\":\"admin\",\"createTime\":\"2023-12-09 19:48:33\",\"dictType\":\"\",\"edit\":true,\"htmlType\":\"input\",\"increment\":false,\"insert\":true,\"isEdit\":\"1\",\"isIncrement\":\"0\",\"isInsert\":\"1\",\"isList\":\"1\",\"isPk\":\"0\",\"isQuery\":\"1\",\"isRequired\":\"1\",\"javaField\":\"bookName\",\"javaType\":\"String\",\"list\":true,\"params\":{},\"pk\":false,\"query\":true,\"queryType\":\"LIKE\",\"required\":true,\"sort\":2,\"superColumn\":false,\"tableId\":7,\"updateBy\":\"\",\"usableColumn\":false},{\"capJavaField\":\"Author\",\"columnComment\":\"作者\",\"columnId\":34,\"columnName\":\"author\",\"columnType\":\"varchar(10)\",\"createBy\":\"admin\",\"createTime\":\"2023-12-09 19:48:33\",\"dictType\":\"\",\"edit\":true,\"htmlType\":\"input\",\"increment\":false,\"insert\":true,\"isEdit\":\"1\",\"isIncrement\":\"0\",\"isInsert\":\"1\",\"isList\":\"1\",\"isPk\":\"0\",\"isQuery\":\"1\",\"isRequired\":\"1\",\"javaField\":\"author\",\"javaType\":\"String\",\"list\":true,\"params\":{},\"pk\":false,\"query\":true,\"queryType\":\"EQ\",\"required\":true,\"sort\":3,\"superColumn\":false,\"tableId\":7,\"updateBy\":\"\",\"usableColumn\":false},{\"capJavaField\":\"BookType\",\"columnComment\":\"类型\",\"columnId\":35,\"columnName\":\"book_type\",\"columnType\":\"varchar(10)\",\"createBy\":\"admin\",\"createTime\":\"2023-12-09 19:48:33\",\"dictType\":\"\",\"edit\":true,\"htmlType\":\"input\",\"increment\":false,\"insert\":true,\"isEdit\":\"1\",\"isIncrement\":\"0\",\"isInsert\":\"1\",\"isList\":\"1\",\"isPk\":\"0\",\"isQuery\":\"1\",\"isRequired\":\"1\",\"javaField\":\"bookTy', '{\"msg\":\"操作成功\",\"code\":200}', 0, NULL, '2023-12-09 19:58:21', 146);
INSERT INTO `sys_oper_log` VALUES (94, '代码生成', 8, 'com.ldb.project.tool.gen.controller.GenController.batchGenCode()', 'GET', 1, 'admin', '研发部门', '/tool/gen/batchGenCode', '127.0.0.1', '内网IP', '{\"tables\":\"book\"}', NULL, 0, NULL, '2023-12-09 19:58:33', 164);
INSERT INTO `sys_oper_log` VALUES (95, '书籍', 1, 'com.ldb.project.server.controller.BookController.add()', 'POST', 1, 'admin', '研发部门', '/server/Book', '127.0.0.1', '内网IP', '{\"author\":\"洗头佬\",\"bookName\":\"我的奋斗\",\"bookPrice\":500000,\"bookType\":\"文学\",\"bookshelfNumber\":\"1\",\"borrowedNumber\":\"0\",\"collectionNumber\":50,\"inLibrariesNumber\":\"50\",\"params\":{},\"publishingHouse\":\"慕尼黑啤酒馆\",\"summary\":\"《我的奋斗》（德语：Mein Kampf）是德国元首兼纳粹党党魁阿道夫·希特勒于1925年出版的一部自传，融合了其政治意识形态，在当时的德国引起了巨大反响，并成为日后德国纳粹党的思想纲领。这本书有“世界上最危险的书”之称。本书讲述了希特勒的生活经历及其世界观，最核心的思想为宣扬德国与奥地利合并及反犹太主义。在纳粹德国战败后，此书因宣扬纳粹主义思想而在不少国家的出版发行受到法律的约束。作为希特勒生前出版的唯一一本书，《我的奋斗》在世界范围内都相当著名，其续篇《第二本书》则是在第二次世界大战之后出版的。\"}', NULL, 1, '\r\n### Error updating database.  Cause: java.sql.SQLException: Field \'book_id\' doesn\'t have a default value\r\n### The error may exist in file [D:\\Workshop\\Codes\\FIGHT\\LibraryDBMS\\target\\classes\\mybatis\\server\\BookMapper.xml]\r\n### The error may involve com.ldb.project.server.mapper.BookMapper.insertBook-Inline\r\n### The error occurred while setting parameters\r\n### SQL: insert into book          ( book_name,             author,             book_type,             book_price,             publishing_house,             summary,             bookshelf_number,             collection_number,             borrowed_number,             in_libraries_number )           values ( ?,             ?,             ?,             ?,             ?,             ?,             ?,             ?,             ?,             ? )\r\n### Cause: java.sql.SQLException: Field \'book_id\' doesn\'t have a default value\n; Field \'book_id\' doesn\'t have a default value; nested exception is java.sql.SQLException: Field \'book_id\' doesn\'t have a default value', '2023-12-09 20:09:15', 285);
INSERT INTO `sys_oper_log` VALUES (96, '代码生成', 2, 'com.ldb.project.tool.gen.controller.GenController.editSave()', 'PUT', 1, 'admin', '研发部门', '/tool/gen', '127.0.0.1', '内网IP', '{\"businessName\":\"Book\",\"className\":\"Book\",\"columns\":[{\"capJavaField\":\"BookId\",\"columnComment\":\"序号\",\"columnId\":32,\"columnName\":\"book_id\",\"columnType\":\"int\",\"createBy\":\"admin\",\"createTime\":\"2023-12-09 19:48:33\",\"dictType\":\"\",\"edit\":true,\"htmlType\":\"input\",\"increment\":false,\"insert\":true,\"isEdit\":\"1\",\"isIncrement\":\"0\",\"isInsert\":\"1\",\"isList\":\"1\",\"isPk\":\"1\",\"isQuery\":\"1\",\"isRequired\":\"1\",\"javaField\":\"bookId\",\"javaType\":\"Long\",\"list\":true,\"params\":{},\"pk\":true,\"query\":true,\"queryType\":\"EQ\",\"required\":true,\"sort\":1,\"superColumn\":false,\"tableId\":7,\"updateBy\":\"\",\"updateTime\":\"2023-12-09 19:58:21\",\"usableColumn\":false},{\"capJavaField\":\"BookName\",\"columnComment\":\"名称\",\"columnId\":33,\"columnName\":\"book_name\",\"columnType\":\"varchar(20)\",\"createBy\":\"admin\",\"createTime\":\"2023-12-09 19:48:33\",\"dictType\":\"\",\"edit\":true,\"htmlType\":\"input\",\"increment\":false,\"insert\":true,\"isEdit\":\"1\",\"isIncrement\":\"0\",\"isInsert\":\"1\",\"isList\":\"1\",\"isPk\":\"0\",\"isQuery\":\"1\",\"isRequired\":\"1\",\"javaField\":\"bookName\",\"javaType\":\"String\",\"list\":true,\"params\":{},\"pk\":false,\"query\":true,\"queryType\":\"LIKE\",\"required\":true,\"sort\":2,\"superColumn\":false,\"tableId\":7,\"updateBy\":\"\",\"updateTime\":\"2023-12-09 19:58:21\",\"usableColumn\":false},{\"capJavaField\":\"Author\",\"columnComment\":\"作者\",\"columnId\":34,\"columnName\":\"author\",\"columnType\":\"varchar(10)\",\"createBy\":\"admin\",\"createTime\":\"2023-12-09 19:48:33\",\"dictType\":\"\",\"edit\":true,\"htmlType\":\"input\",\"increment\":false,\"insert\":true,\"isEdit\":\"1\",\"isIncrement\":\"0\",\"isInsert\":\"1\",\"isList\":\"1\",\"isPk\":\"0\",\"isQuery\":\"1\",\"isRequired\":\"1\",\"javaField\":\"author\",\"javaType\":\"String\",\"list\":true,\"params\":{},\"pk\":false,\"query\":true,\"queryType\":\"EQ\",\"required\":true,\"sort\":3,\"superColumn\":false,\"tableId\":7,\"updateBy\":\"\",\"updateTime\":\"2023-12-09 19:58:21\",\"usableColumn\":false},{\"capJavaField\":\"BookType\",\"columnComment\":\"类型\",\"columnId\":35,\"columnName\":\"book_type\",\"columnType\":\"varchar(10)\",\"createBy\":\"admin\",\"createTime\":\"2023-12-09 19:48:33\",\"dictType\":\"\",\"edit\":true,\"htmlType\":\"input\",\"increment', '{\"msg\":\"操作成功\",\"code\":200}', 0, NULL, '2023-12-09 20:13:40', 234);
INSERT INTO `sys_oper_log` VALUES (97, '代码生成', 8, 'com.ldb.project.tool.gen.controller.GenController.batchGenCode()', 'GET', 1, 'admin', '研发部门', '/tool/gen/batchGenCode', '127.0.0.1', '内网IP', '{\"tables\":\"book\"}', NULL, 0, NULL, '2023-12-09 20:13:43', 614);
INSERT INTO `sys_oper_log` VALUES (98, '书籍', 2, 'com.ldb.project.server.controller.BookController.edit()', 'PUT', 1, 'admin', '研发部门', '/server/Book', '127.0.0.1', '内网IP', '{\"author\":\"洗头佬\",\"bookId\":1,\"bookName\":\"我的奋斗\",\"bookPrice\":500000,\"bookType\":\"文学\",\"bookshelfNumber\":\"9\",\"borrowedNumber\":\"50\",\"collectionNumber\":50,\"inLibrariesNumber\":\"0\",\"params\":{},\"publishingHouse\":\"慕尼黑啤酒馆\",\"summary\":\"《我的奋斗》（德语：Mein Kampf）是德国元首兼纳粹党党魁阿道夫·希特勒于1925年出版的一部自传，融合了其政治意识形态，在当时的德国引起了巨大反响，并成为日后德国纳粹党的思想纲领。这本书有“世界上最危险的书”之称。本书讲述了希特勒的生活经历及其世界观，最核心的思想为宣扬德国与奥地利合并及反犹太主义。在纳粹德国战败后，此书因宣扬纳粹主义思想而在不少国家的出版发行受到法律的约束。作为希特勒生前出版的唯一一本书，《我的奋斗》在世界范围内都相当著名，其续篇《第二本书》则是在第二次世界大战之后出版的。\"}', '{\"msg\":\"操作失败\",\"code\":500}', 0, NULL, '2023-12-09 20:25:16', 18);
INSERT INTO `sys_oper_log` VALUES (99, '书籍', 2, 'com.ldb.project.server.controller.BookController.edit()', 'PUT', 1, 'admin', '研发部门', '/server/Book', '127.0.0.1', '内网IP', '{\"author\":\"洗头佬\",\"bookId\":1,\"bookName\":\"我的奋斗\",\"bookPrice\":500000,\"bookType\":\"文学\",\"bookshelfNumber\":\"9\",\"borrowedNumber\":\"50\",\"collectionNumber\":50,\"inLibrariesNumber\":\"0\",\"params\":{},\"publishingHouse\":\"慕尼黑啤酒馆\",\"summary\":\"《我的奋斗》（德语：Mein Kampf）是德国元首兼纳粹党党魁阿道夫·希特勒于1925年出版的一部自传，融合了其政治意识形态，在当时的德国引起了巨大反响，并成为日后德国纳粹党的思想纲领。这本书有“世界上最危险的书”之称。本书讲述了希特勒的生活经历及其世界观，最核心的思想为宣扬德国与奥地利合并及反犹太主义。在纳粹德国战败后，此书因宣扬纳粹主义思想而在不少国家的出版发行受到法律的约束。作为希特勒生前出版的唯一一本书，《我的奋斗》在世界范围内都相当著名，其续篇《第二本书》则是在第二次世界大战之后出版的。\"}', '{\"msg\":\"操作失败\",\"code\":500}', 0, NULL, '2023-12-09 20:25:35', 5);
INSERT INTO `sys_oper_log` VALUES (100, '书籍', 2, 'com.ldb.project.server.controller.BookController.edit()', 'PUT', 1, 'admin', '研发部门', '/server/Book', '127.0.0.1', '内网IP', '{\"author\":\"洗头佬\",\"bookId\":1,\"bookName\":\"我的奋斗\",\"bookPrice\":500000,\"bookType\":\"文学\",\"bookshelfNumber\":\"9\",\"borrowedNumber\":\"50\",\"collectionNumber\":50,\"inLibrariesNumber\":\"0\",\"params\":{},\"publishingHouse\":\"慕尼黑啤酒馆\",\"summary\":\"《我的奋斗》（德语：Mein Kampf）是德国元首兼纳粹党党魁阿道夫·希特勒于1925年出版的一部自传，融合了其政治意识形态，在当时的德国引起了巨大反响，并成为日后德国纳粹党的思想纲领。这本书有“世界上最危险的书”之称。本书讲述了希特勒的生活经历及其世界观，最核心的思想为宣扬德国与奥地利合并及反犹太主义。在纳粹德国战败后，此书因宣扬纳粹主义思想而在不少国家的出版发行受到法律的约束。作为希特勒生前出版的唯一一本书，《我的奋斗》在世界范围内都相当著名，其续篇《第二本书》则是在第二次世界大战之后出版的。\"}', '{\"msg\":\"操作失败\",\"code\":500}', 0, NULL, '2023-12-09 20:27:08', 75);
INSERT INTO `sys_oper_log` VALUES (101, '书籍', 2, 'com.ldb.project.server.controller.BookController.edit()', 'PUT', 1, 'admin', '研发部门', '/server/Book', '127.0.0.1', '内网IP', '{\"author\":\"洗头佬\",\"bookId\":1,\"bookName\":\"我的奋斗\",\"bookPrice\":500000,\"bookType\":\"文学\",\"bookshelfNumber\":\"9\",\"borrowedNumber\":\"50\",\"collectionNumber\":50,\"inLibrariesNumber\":\"0\",\"params\":{},\"publishingHouse\":\"慕尼黑啤酒馆\",\"summary\":\"《我的奋斗》（德语：Mein Kampf）是德国元首兼纳粹党党魁阿道夫·希特勒于1925年出版的一部自传，融合了其政治意识形态，在当时的德国引起了巨大反响，并成为日后德国纳粹党的思想纲领。这本书有“世界上最危险的书”之称。本书讲述了希特勒的生活经历及其世界观，最核心的思想为宣扬德国与奥地利合并及反犹太主义。在纳粹德国战败后，此书因宣扬纳粹主义思想而在不少国家的出版发行受到法律的约束。作为希特勒生前出版的唯一一本书，《我的奋斗》在世界范围内都相当著名，其续篇《第二本书》则是在第二次世界大战之后出版的。\"}', '{\"msg\":\"操作失败\",\"code\":500}', 0, NULL, '2023-12-09 20:28:03', 6);
INSERT INTO `sys_oper_log` VALUES (102, '书籍', 2, 'com.ldb.project.server.controller.BookController.edit()', 'PUT', 1, 'admin', '研发部门', '/server/Book', '127.0.0.1', '内网IP', '{\"author\":\"希特乐\",\"bookId\":1,\"bookName\":\"我的奋斗\",\"bookPrice\":500000,\"bookType\":\"文学\",\"bookshelfNumber\":\"9\",\"borrowedNumber\":\"50\",\"collectionNumber\":50,\"inLibrariesNumber\":\"0\",\"params\":{},\"publishingHouse\":\"慕尼黑啤酒馆出版社\",\"summary\":\"得意智元首于1925年出版的一部自传，在当时引起了巨大反响，并成为日后德国辣脆党的思想纲领\"}', '{\"msg\":\"操作成功\",\"code\":200}', 0, NULL, '2023-12-09 20:43:58', 55);
INSERT INTO `sys_oper_log` VALUES (103, '菜单管理', 2, 'com.ldb.project.system.controller.SysMenuController.edit()', 'PUT', 1, 'admin', '研发部门', '/system/menu', '127.0.0.1', '内网IP', '{\"children\":[],\"component\":\"server/Book/index\",\"createTime\":\"2023-12-09 19:59:37\",\"icon\":\"education\",\"isCache\":\"0\",\"isFrame\":\"1\",\"menuId\":2025,\"menuName\":\"书籍\",\"menuType\":\"C\",\"orderNum\":1,\"params\":{},\"parentId\":1,\"path\":\"Book\",\"perms\":\"server:Book:list\",\"status\":\"0\",\"updateBy\":\"admin\",\"visible\":\"0\"}', '{\"msg\":\"操作成功\",\"code\":200}', 0, NULL, '2023-12-09 21:54:09', 63);
INSERT INTO `sys_oper_log` VALUES (104, '书籍', 2, 'com.ldb.project.server.controller.BookController.edit()', 'PUT', 1, 'admin', '研发部门', '/server/Book', '127.0.0.1', '内网IP', '{\"author\":\"洗头佬\",\"bookId\":1,\"bookName\":\"我的奋斗\",\"bookPrice\":500000,\"bookType\":\"文学\",\"bookshelfNumber\":\"9\",\"borrowedNumber\":\"50\",\"collectionNumber\":50,\"inLibrariesNumber\":\"0\",\"params\":{},\"publishingHouse\":\"慕尼黑啤酒馆出版社\",\"summary\":\"得意智元首于1925年出版的一部自传，在当时引起了巨大反响，并成为日后德国辣脆党的思想纲领\"}', '{\"msg\":\"操作成功\",\"code\":200}', 0, NULL, '2023-12-09 21:54:25', 23);
INSERT INTO `sys_oper_log` VALUES (105, '书籍', 2, 'com.ldb.project.server.controller.BookController.edit()', 'PUT', 1, 'admin', '研发部门', '/server/Book', '127.0.0.1', '内网IP', '{\"author\":\"普利氪金\",\"bookId\":2,\"bookName\":\"一小时二十二分\",\"bookPrice\":1.22,\"bookType\":\"军事\",\"bookshelfNumber\":\"5\",\"borrowedNumber\":\"0\",\"collectionNumber\":122,\"inLibrariesNumber\":\"122\",\"params\":{},\"publishingHouse\":\"铁锅炖大鹅株式会社\",\"summary\":\"大帝1小时22分速通Ukraine\"}', '{\"msg\":\"操作失败\",\"code\":500}', 0, NULL, '2023-12-09 21:57:45', 12);
INSERT INTO `sys_oper_log` VALUES (106, '书籍', 2, 'com.ldb.project.server.controller.BookController.edit()', 'PUT', 1, 'admin', '研发部门', '/server/Book', '127.0.0.1', '内网IP', '{\"author\":\"普利氪金\",\"bookId\":2,\"bookName\":\"一小时二十二分\",\"bookPrice\":1.22,\"bookType\":\"军事\",\"bookshelfNumber\":\"5\",\"borrowedNumber\":\"0\",\"collectionNumber\":122,\"inLibrariesNumber\":\"122\",\"params\":{},\"publishingHouse\":\"铁锅炖大鹅株式会社\",\"summary\":\"大帝1小时22分速通Ukraine\"}', '{\"msg\":\"操作失败\",\"code\":500}', 0, NULL, '2023-12-09 21:57:53', 6);
INSERT INTO `sys_oper_log` VALUES (107, '书籍', 2, 'com.ldb.project.server.controller.BookController.edit()', 'PUT', 1, 'admin', '研发部门', '/server/Book', '127.0.0.1', '内网IP', '{\"author\":\"普利氪金\",\"bookId\":2,\"bookName\":\"一小时二十二分\",\"bookPrice\":122,\"bookType\":\"军事\",\"bookshelfNumber\":\"5\",\"borrowedNumber\":\"0\",\"collectionNumber\":122,\"inLibrariesNumber\":\"122\",\"params\":{},\"publishingHouse\":\"铁锅炖大鹅株式会社\",\"summary\":\"大帝1小时22分速通Ukraine\"}', '{\"msg\":\"操作失败\",\"code\":500}', 0, NULL, '2023-12-09 21:58:42', 4);
INSERT INTO `sys_oper_log` VALUES (108, '书籍', 2, 'com.ldb.project.server.controller.BookController.edit()', 'PUT', 1, 'admin', '研发部门', '/server/Book', '127.0.0.1', '内网IP', '{\"author\":\"普利氪金\",\"bookId\":2,\"bookName\":\"一小时二十二分\",\"bookPrice\":122,\"bookType\":\"军事\",\"bookshelfNumber\":\"5\",\"borrowedNumber\":\"0\",\"collectionNumber\":122,\"inLibrariesNumber\":\"122\",\"params\":{},\"publishingHouse\":\"铁锅炖大鹅株式会社\",\"summary\":\"大帝1小时22分速通Ukraine\"}', '{\"msg\":\"操作成功\",\"code\":200}', 0, NULL, '2023-12-09 22:00:25', 5);
INSERT INTO `sys_oper_log` VALUES (109, '书籍', 2, 'com.ldb.project.server.controller.BookController.edit()', 'PUT', 1, 'admin', '研发部门', '/server/Book', '127.0.0.1', '内网IP', '{\"author\":\"1\",\"bookId\":1,\"bookName\":\"1\",\"bookPrice\":1,\"bookType\":\"1\",\"bookshelfNumber\":\"1\",\"borrowedNumber\":\"1\",\"collectionNumber\":1,\"inLibrariesNumber\":\"1\",\"params\":{},\"publishingHouse\":\"1\",\"summary\":\"1\"}', '{\"msg\":\"操作成功\",\"code\":200}', 0, NULL, '2023-12-09 22:00:59', 28);
INSERT INTO `sys_oper_log` VALUES (110, '书籍', 2, 'com.ldb.project.server.controller.BookController.edit()', 'PUT', 1, 'admin', '研发部门', '/server/Book', '127.0.0.1', '内网IP', '{\"author\":\"6\",\"bookId\":6,\"bookName\":\"6\",\"bookPrice\":6,\"bookType\":\"6\",\"bookshelfNumber\":\"6\",\"borrowedNumber\":\"6\",\"collectionNumber\":6,\"inLibrariesNumber\":\"6\",\"params\":{},\"publishingHouse\":\"6\",\"summary\":\"6\"}', '{\"msg\":\"操作失败\",\"code\":500}', 0, NULL, '2023-12-09 22:01:34', 6);
INSERT INTO `sys_oper_log` VALUES (111, '书籍', 2, 'com.ldb.project.server.controller.BookController.edit()', 'PUT', 1, 'admin', '研发部门', '/server/Book', '127.0.0.1', '内网IP', '{\"author\":\"6\",\"bookId\":6,\"bookName\":\"6\",\"bookPrice\":6,\"bookType\":\"6\",\"bookshelfNumber\":\"6\",\"borrowedNumber\":\"6\",\"collectionNumber\":6,\"inLibrariesNumber\":\"6\",\"params\":{},\"publishingHouse\":\"6\",\"summary\":\"6\"}', '{\"msg\":\"操作失败\",\"code\":500}', 0, NULL, '2023-12-09 22:01:41', 4);
INSERT INTO `sys_oper_log` VALUES (112, '书籍', 2, 'com.ldb.project.server.controller.BookController.edit()', 'PUT', 1, 'admin', '研发部门', '/server/Book', '127.0.0.1', '内网IP', '{\"author\":\"普利氪金\",\"bookId\":8,\"bookName\":\"一小时二十二分\",\"bookPrice\":122,\"bookType\":\"军事\",\"bookshelfNumber\":\"5\",\"borrowedNumber\":\"0\",\"collectionNumber\":122,\"inLibrariesNumber\":\"122\",\"params\":{},\"publishingHouse\":\"铁锅炖大鹅株式会社\",\"summary\":\"大帝1小时22分速通Ukraine\"}', '{\"msg\":\"操作失败\",\"code\":500}', 0, NULL, '2023-12-10 10:02:48', 14);
INSERT INTO `sys_oper_log` VALUES (113, '书籍', 2, 'com.ldb.project.server.controller.BookController.edit()', 'PUT', 1, 'admin', '研发部门', '/server/Book', '127.0.0.1', '内网IP', '{\"author\":\"aaa\",\"bookId\":2,\"bookName\":\"一小时二十二分\",\"bookPrice\":122,\"bookType\":\"军事\",\"bookshelfNumber\":\"5\",\"borrowedNumber\":\"0\",\"collectionNumber\":122,\"inLibrariesNumber\":\"122\",\"params\":{},\"publishingHouse\":\"铁锅炖大鹅株式会社\",\"summary\":\"大帝1小时22分速通Ukraine\"}', '{\"msg\":\"操作成功\",\"code\":200}', 0, NULL, '2023-12-10 10:03:01', 9);
INSERT INTO `sys_oper_log` VALUES (114, '书籍', 2, 'com.ldb.project.server.controller.BookController.edit()', 'PUT', 1, 'admin', '研发部门', '/server/Book', '127.0.0.1', '内网IP', '{\"author\":\"aaa\",\"bookId\":4,\"bookName\":\"一小时二十二分\",\"bookPrice\":122,\"bookType\":\"军事\",\"bookshelfNumber\":\"5\",\"borrowedNumber\":\"0\",\"collectionNumber\":122,\"inLibrariesNumber\":\"122\",\"params\":{},\"publishingHouse\":\"铁锅炖大鹅株式会社\",\"summary\":\"大帝1小时22分速通Ukraine\"}', '{\"msg\":\"操作失败\",\"code\":500}', 0, NULL, '2023-12-10 10:03:27', 8);
INSERT INTO `sys_oper_log` VALUES (115, '书籍', 2, 'com.ldb.project.server.controller.BookController.edit()', 'PUT', 1, 'admin', '研发部门', '/server/Book', '127.0.0.1', '内网IP', '{\"author\":\"aaa\",\"bookId\":4,\"bookName\":\"一小时二十二分\",\"bookPrice\":122,\"bookType\":\"军事\",\"bookshelfNumber\":\"5\",\"borrowedNumber\":\"0\",\"collectionNumber\":122,\"inLibrariesNumber\":\"122\",\"params\":{},\"publishingHouse\":\"铁锅炖大鹅株式会社\",\"summary\":\"大帝1小时22分速通Ukraine\"}', '{\"msg\":\"操作失败\",\"code\":500}', 0, NULL, '2023-12-10 10:07:47', 6);
INSERT INTO `sys_oper_log` VALUES (116, '书籍', 2, 'com.ldb.project.server.controller.BookController.edit()', 'PUT', 1, 'admin', '研发部门', '/server/Book', '127.0.0.1', '内网IP', '{\"author\":\"aaa\",\"bookId\":2,\"bookName\":\"一小时二十二分\",\"bookPrice\":122,\"bookType\":\"军事\",\"bookshelfNumber\":\"5\",\"borrowedNumber\":\"0\",\"collectionNumber\":122,\"inLibrariesNumber\":\"122\",\"params\":{},\"publishingHouse\":\"铁锅炖大鹅株式会社dd\",\"summary\":\"大帝1小时22分速通Ukraine\"}', '{\"msg\":\"操作成功\",\"code\":200}', 0, NULL, '2023-12-10 10:07:53', 8);
INSERT INTO `sys_oper_log` VALUES (117, '书籍', 2, 'com.ldb.project.server.controller.BookController.edit()', 'PUT', 1, 'admin', '研发部门', '/server/Book', '127.0.0.1', '内网IP', '{\"author\":\"1\",\"bookId\":7,\"bookName\":\"1\",\"bookPrice\":1,\"bookType\":\"1\",\"bookshelfNumber\":\"1\",\"borrowedNumber\":\"1\",\"collectionNumber\":1,\"inLibrariesNumber\":\"1\",\"params\":{},\"publishingHouse\":\"1\",\"summary\":\"1\"}', '{\"msg\":\"操作失败\",\"code\":500}', 0, NULL, '2023-12-10 10:14:40', 24);
INSERT INTO `sys_oper_log` VALUES (118, '书籍', 2, 'com.ldb.project.server.controller.BookController.edit()', 'PUT', 1, 'admin', '研发部门', '/server/Book', '127.0.0.1', '内网IP', '{\"author\":\"1\",\"bookId\":7,\"bookName\":\"1\",\"bookPrice\":1,\"bookType\":\"1\",\"bookshelfNumber\":\"1\",\"borrowedNumber\":\"1\",\"collectionNumber\":1,\"inLibrariesNumber\":\"1\",\"params\":{},\"publishingHouse\":\"1\",\"summary\":\"1\"}', '{\"msg\":\"操作失败\",\"code\":500}', 0, NULL, '2023-12-10 10:15:36', 4);
INSERT INTO `sys_oper_log` VALUES (119, '书籍', 2, 'com.ldb.project.server.controller.BookController.edit()', 'PUT', 1, 'admin', '研发部门', '/server/Book', '127.0.0.1', '内网IP', '{\"author\":\"1\",\"bookId\":7,\"bookName\":\"1\",\"bookPrice\":1,\"bookType\":\"1\",\"bookshelfNumber\":\"1\",\"borrowedNumber\":\"1\",\"collectionNumber\":1,\"inLibrariesNumber\":\"1\",\"params\":{},\"publishingHouse\":\"1\",\"summary\":\"1\"}', '{\"msg\":\"操作失败\",\"code\":500}', 0, NULL, '2023-12-10 10:15:42', 6);
INSERT INTO `sys_oper_log` VALUES (120, '书籍', 2, 'com.ldb.project.server.controller.BookController.edit()', 'PUT', 1, 'admin', '研发部门', '/server/Book', '127.0.0.1', '内网IP', '{\"author\":\"1\",\"bookId\":7,\"bookName\":\"1\",\"bookPrice\":1,\"bookType\":\"1\",\"bookshelfNumber\":\"1\",\"borrowedNumber\":\"1\",\"collectionNumber\":1,\"inLibrariesNumber\":\"1\",\"params\":{},\"publishingHouse\":\"1\",\"summary\":\"1\"}', '{\"msg\":\"操作失败\",\"code\":500}', 0, NULL, '2023-12-10 10:17:15', 4);
INSERT INTO `sys_oper_log` VALUES (121, '书籍', 2, 'com.ldb.project.server.controller.BookController.edit()', 'PUT', 1, 'admin', '研发部门', '/server/Book', '127.0.0.1', '内网IP', '{\"author\":\"1\",\"bookId\":7,\"bookName\":\"1\",\"bookPrice\":1,\"bookType\":\"1\",\"bookshelfNumber\":\"1\",\"borrowedNumber\":\"1\",\"collectionNumber\":1,\"inLibrariesNumber\":\"1\",\"params\":{},\"publishingHouse\":\"1\",\"summary\":\"1\"}', '{\"msg\":\"操作失败\",\"code\":500}', 0, NULL, '2023-12-10 10:17:32', 6);
INSERT INTO `sys_oper_log` VALUES (122, '书籍', 2, 'com.ldb.project.server.controller.BookController.edit()', 'PUT', 1, 'admin', '研发部门', '/server/Book', '127.0.0.1', '内网IP', '{\"author\":\"1\",\"bookId\":7,\"bookName\":\"1\",\"bookPrice\":1,\"bookType\":\"1\",\"bookshelfNumber\":\"1\",\"borrowedNumber\":\"1\",\"collectionNumber\":1,\"inLibrariesNumber\":\"1\",\"params\":{},\"publishingHouse\":\"1\",\"summary\":\"1\"}', '{\"msg\":\"操作失败\",\"code\":500}', 0, NULL, '2023-12-10 10:17:55', 7);
INSERT INTO `sys_oper_log` VALUES (123, '书籍', 2, 'com.ldb.project.server.controller.BookController.edit()', 'PUT', 1, 'admin', '研发部门', '/server/Book', '127.0.0.1', '内网IP', '{\"author\":\"1\",\"bookId\":7,\"bookName\":\"1\",\"bookPrice\":1,\"bookType\":\"1\",\"bookshelfNumber\":\"1\",\"borrowedNumber\":\"1\",\"collectionNumber\":1,\"inLibrariesNumber\":\"1\",\"params\":{},\"publishingHouse\":\"1\",\"summary\":\"1\"}', '{\"msg\":\"操作失败\",\"code\":500}', 0, NULL, '2023-12-10 10:19:38', 12);
INSERT INTO `sys_oper_log` VALUES (124, '书籍', 2, 'com.ldb.project.server.controller.BookController.edit()', 'PUT', 1, 'admin', '研发部门', '/server/Book', '127.0.0.1', '内网IP', '{\"author\":\"1\",\"bookId\":7,\"bookName\":\"1\",\"bookPrice\":1,\"bookType\":\"1\",\"bookshelfNumber\":\"1\",\"borrowedNumber\":\"1\",\"collectionNumber\":1,\"inLibrariesNumber\":\"1\",\"params\":{},\"publishingHouse\":\"1\",\"summary\":\"1\"}', '{\"msg\":\"操作失败\",\"code\":500}', 0, NULL, '2023-12-10 10:19:49', 10);
INSERT INTO `sys_oper_log` VALUES (125, '书籍', 2, 'com.ldb.project.server.controller.BookController.edit()', 'PUT', 1, 'admin', '研发部门', '/server/Book', '127.0.0.1', '内网IP', '{\"author\":\"1\",\"bookId\":7,\"bookName\":\"1\",\"bookPrice\":1,\"bookType\":\"1\",\"bookshelfNumber\":\"1\",\"borrowedNumber\":\"1\",\"collectionNumber\":1,\"inLibrariesNumber\":\"1\",\"params\":{},\"publishingHouse\":\"1\",\"summary\":\"1\"}', '{\"msg\":\"操作失败\",\"code\":500}', 0, NULL, '2023-12-10 10:20:41', 5);
INSERT INTO `sys_oper_log` VALUES (126, '书籍', 2, 'com.ldb.project.server.controller.BookController.edit()', 'PUT', 1, 'admin', '研发部门', '/server/Book', '127.0.0.1', '内网IP', '{\"author\":\"1\",\"bookId\":7,\"bookName\":\"1\",\"bookPrice\":1,\"bookType\":\"1\",\"bookshelfNumber\":\"1\",\"borrowedNumber\":\"1\",\"collectionNumber\":1,\"inLibrariesNumber\":\"1\",\"params\":{},\"publishingHouse\":\"1\",\"summary\":\"1\"}', '{\"msg\":\"操作失败\",\"code\":500}', 0, NULL, '2023-12-10 10:21:08', 14);
INSERT INTO `sys_oper_log` VALUES (127, '书籍', 2, 'com.ldb.project.server.controller.BookController.edit()', 'PUT', 1, 'admin', '研发部门', '/server/Book', '127.0.0.1', '内网IP', '{\"author\":\"as\",\"bookId\":6,\"bookName\":\"dw\",\"bookPrice\":43,\"bookType\":\"da\",\"bookshelfNumber\":\"4\",\"borrowedNumber\":\"3\",\"collectionNumber\":4,\"inLibrariesNumber\":\"4\",\"params\":{},\"publishingHouse\":\"asd\",\"summary\":\"sadas\"}', '{\"msg\":\"操作失败\",\"code\":500}', 0, NULL, '2023-12-10 10:22:18', 14);
INSERT INTO `sys_oper_log` VALUES (128, '书籍', 2, 'com.ldb.project.server.controller.BookController.edit()', 'PUT', 1, 'admin', '研发部门', '/server/Book', '127.0.0.1', '内网IP', '{\"author\":\"as\",\"bookId\":6,\"bookName\":\"dw\",\"bookPrice\":43,\"bookType\":\"da\",\"bookshelfNumber\":\"4\",\"borrowedNumber\":\"3\",\"collectionNumber\":4,\"inLibrariesNumber\":\"4\",\"params\":{},\"publishingHouse\":\"asd\",\"summary\":\"sadas\"}', '{\"msg\":\"操作失败\",\"code\":500}', 0, NULL, '2023-12-10 10:24:21', 7);
INSERT INTO `sys_oper_log` VALUES (129, '书籍', 2, 'com.ldb.project.server.controller.BookController.edit()', 'PUT', 1, 'admin', '研发部门', '/server/Book', '127.0.0.1', '内网IP', '{\"author\":\"as\",\"bookId\":6,\"bookName\":\"dw\",\"bookPrice\":43,\"bookType\":\"da\",\"bookshelfNumber\":\"4\",\"borrowedNumber\":\"3\",\"collectionNumber\":4,\"inLibrariesNumber\":\"4\",\"params\":{},\"publishingHouse\":\"asd\",\"summary\":\"sadas\"}', '{\"msg\":\"操作失败\",\"code\":500}', 0, NULL, '2023-12-10 10:24:28', 9);
INSERT INTO `sys_oper_log` VALUES (130, '书籍', 2, 'com.ldb.project.server.controller.BookController.edit()', 'PUT', 1, 'admin', '研发部门', '/server/Book', '127.0.0.1', '内网IP', '{\"author\":\"6\",\"bookId\":6,\"bookName\":\"6\",\"bookPrice\":6,\"bookType\":\"6\",\"bookshelfNumber\":\"6\",\"borrowedNumber\":\"6\",\"collectionNumber\":6,\"inLibrariesNumber\":\"6\",\"params\":{},\"publishingHouse\":\"6\",\"summary\":\"6\"}', '{\"msg\":\"操作失败\",\"code\":500}', 0, NULL, '2023-12-10 10:25:16', 15);
INSERT INTO `sys_oper_log` VALUES (131, '书籍', 2, 'com.ldb.project.server.controller.BookController.edit()', 'PUT', 1, 'admin', '研发部门', '/server/Book', '127.0.0.1', '内网IP', '{\"author\":\"6\",\"bookId\":6,\"bookName\":\"6\",\"bookPrice\":6,\"bookType\":\"6\",\"bookshelfNumber\":\"6\",\"borrowedNumber\":\"6\",\"collectionNumber\":6,\"inLibrariesNumber\":\"6\",\"params\":{},\"publishingHouse\":\"6\",\"summary\":\"6\"}', '{\"msg\":\"操作失败\",\"code\":500}', 0, NULL, '2023-12-10 10:27:28', 24);
INSERT INTO `sys_oper_log` VALUES (132, '书籍', 2, 'com.ldb.project.server.controller.BookController.edit()', 'PUT', 1, 'admin', '研发部门', '/server/Book', '127.0.0.1', '内网IP', '{\"author\":\"6\",\"bookId\":6,\"bookName\":\"6\",\"bookPrice\":6,\"bookType\":\"6\",\"bookshelfNumber\":\"6\",\"borrowedNumber\":\"6\",\"collectionNumber\":6,\"inLibrariesNumber\":\"6\",\"params\":{},\"publishingHouse\":\"6\",\"summary\":\"6\"}', '{\"msg\":\"操作失败\",\"code\":500}', 0, NULL, '2023-12-10 10:34:08', 24);
INSERT INTO `sys_oper_log` VALUES (133, '菜单管理', 3, 'com.ldb.project.system.controller.SysMenuController.remove()', 'DELETE', 1, 'admin', '研发部门', '/system/menu/2026', '127.0.0.1', '内网IP', '{}', '{\"msg\":\"操作成功\",\"code\":200}', 0, NULL, '2023-12-10 11:39:36', 89);
INSERT INTO `sys_oper_log` VALUES (134, '菜单管理', 3, 'com.ldb.project.system.controller.SysMenuController.remove()', 'DELETE', 1, 'admin', '研发部门', '/system/menu/2027', '127.0.0.1', '内网IP', '{}', '{\"msg\":\"操作成功\",\"code\":200}', 0, NULL, '2023-12-10 11:39:38', 45);
INSERT INTO `sys_oper_log` VALUES (135, '菜单管理', 3, 'com.ldb.project.system.controller.SysMenuController.remove()', 'DELETE', 1, 'admin', '研发部门', '/system/menu/2028', '127.0.0.1', '内网IP', '{}', '{\"msg\":\"操作成功\",\"code\":200}', 0, NULL, '2023-12-10 11:39:41', 35);
INSERT INTO `sys_oper_log` VALUES (136, '菜单管理', 3, 'com.ldb.project.system.controller.SysMenuController.remove()', 'DELETE', 1, 'admin', '研发部门', '/system/menu/2029', '127.0.0.1', '内网IP', '{}', '{\"msg\":\"操作成功\",\"code\":200}', 0, NULL, '2023-12-10 11:39:43', 39);
INSERT INTO `sys_oper_log` VALUES (137, '菜单管理', 3, 'com.ldb.project.system.controller.SysMenuController.remove()', 'DELETE', 1, 'admin', '研发部门', '/system/menu/2030', '127.0.0.1', '内网IP', '{}', '{\"msg\":\"操作成功\",\"code\":200}', 0, NULL, '2023-12-10 11:39:45', 34);
INSERT INTO `sys_oper_log` VALUES (138, '菜单管理', 3, 'com.ldb.project.system.controller.SysMenuController.remove()', 'DELETE', 1, 'admin', '研发部门', '/system/menu/2025', '127.0.0.1', '内网IP', '{}', '{\"msg\":\"操作成功\",\"code\":200}', 0, NULL, '2023-12-10 11:39:47', 36);
INSERT INTO `sys_oper_log` VALUES (139, '代码生成', 2, 'com.ldb.project.tool.gen.controller.GenController.editSave()', 'PUT', 1, 'admin', '研发部门', '/tool/gen', '127.0.0.1', '内网IP', '{\"businessName\":\"Book\",\"className\":\"Book\",\"columns\":[{\"capJavaField\":\"BookId\",\"columnComment\":\"序号\",\"columnId\":32,\"columnName\":\"book_id\",\"columnType\":\"int\",\"createBy\":\"admin\",\"createTime\":\"2023-12-09 19:48:33\",\"dictType\":\"\",\"edit\":false,\"htmlType\":\"input\",\"increment\":false,\"insert\":true,\"isEdit\":\"0\",\"isIncrement\":\"0\",\"isInsert\":\"1\",\"isList\":\"0\",\"isPk\":\"1\",\"isQuery\":\"0\",\"isRequired\":\"0\",\"javaField\":\"bookId\",\"javaType\":\"Long\",\"list\":false,\"params\":{},\"pk\":true,\"query\":false,\"queryType\":\"EQ\",\"required\":false,\"sort\":1,\"superColumn\":false,\"tableId\":7,\"updateBy\":\"\",\"updateTime\":\"2023-12-09 20:13:40\",\"usableColumn\":false},{\"capJavaField\":\"BookName\",\"columnComment\":\"名称\",\"columnId\":33,\"columnName\":\"book_name\",\"columnType\":\"varchar(20)\",\"createBy\":\"admin\",\"createTime\":\"2023-12-09 19:48:33\",\"dictType\":\"\",\"edit\":true,\"htmlType\":\"input\",\"increment\":false,\"insert\":true,\"isEdit\":\"1\",\"isIncrement\":\"0\",\"isInsert\":\"1\",\"isList\":\"1\",\"isPk\":\"0\",\"isQuery\":\"1\",\"isRequired\":\"1\",\"javaField\":\"bookName\",\"javaType\":\"String\",\"list\":true,\"params\":{},\"pk\":false,\"query\":true,\"queryType\":\"LIKE\",\"required\":true,\"sort\":2,\"superColumn\":false,\"tableId\":7,\"updateBy\":\"\",\"updateTime\":\"2023-12-09 20:13:40\",\"usableColumn\":false},{\"capJavaField\":\"Author\",\"columnComment\":\"作者\",\"columnId\":34,\"columnName\":\"author\",\"columnType\":\"varchar(10)\",\"createBy\":\"admin\",\"createTime\":\"2023-12-09 19:48:33\",\"dictType\":\"\",\"edit\":true,\"htmlType\":\"input\",\"increment\":false,\"insert\":true,\"isEdit\":\"1\",\"isIncrement\":\"0\",\"isInsert\":\"1\",\"isList\":\"1\",\"isPk\":\"0\",\"isQuery\":\"1\",\"isRequired\":\"0\",\"javaField\":\"author\",\"javaType\":\"String\",\"list\":true,\"params\":{},\"pk\":false,\"query\":true,\"queryType\":\"EQ\",\"required\":false,\"sort\":3,\"superColumn\":false,\"tableId\":7,\"updateBy\":\"\",\"updateTime\":\"2023-12-09 20:13:40\",\"usableColumn\":false},{\"capJavaField\":\"BookType\",\"columnComment\":\"类型\",\"columnId\":35,\"columnName\":\"book_type\",\"columnType\":\"varchar(10)\",\"createBy\":\"admin\",\"createTime\":\"2023-12-09 19:48:33\",\"dictType\":\"\",\"edit\":true,\"htmlType\":\"input\",\"incr', '{\"msg\":\"操作成功\",\"code\":200}', 0, NULL, '2023-12-10 11:40:54', 39);
INSERT INTO `sys_oper_log` VALUES (140, '代码生成', 3, 'com.ldb.project.tool.gen.controller.GenController.remove()', 'DELETE', 1, 'admin', '研发部门', '/tool/gen/7', '127.0.0.1', '内网IP', '{}', '{\"msg\":\"操作成功\",\"code\":200}', 0, NULL, '2023-12-10 11:41:32', 45);
INSERT INTO `sys_oper_log` VALUES (141, '代码生成', 6, 'com.ldb.project.tool.gen.controller.GenController.importTableSave()', 'POST', 1, 'admin', '研发部门', '/tool/gen/importTable', '127.0.0.1', '内网IP', '{\"tables\":\"book\"}', '{\"msg\":\"操作成功\",\"code\":200}', 0, NULL, '2023-12-10 11:41:38', 60);
INSERT INTO `sys_oper_log` VALUES (142, '菜单管理', 2, 'com.ldb.project.system.controller.SysMenuController.edit()', 'PUT', 1, 'admin', '研发部门', '/system/menu', '127.0.0.1', '内网IP', '{\"children\":[],\"component\":\"system/config/index\",\"createTime\":\"2023-12-08 21:00:41\",\"icon\":\"edit\",\"isCache\":\"1\",\"isFrame\":\"1\",\"menuId\":106,\"menuName\":\"参数设置\",\"menuType\":\"C\",\"orderNum\":7,\"params\":{},\"parentId\":3,\"path\":\"config\",\"perms\":\"system:config:list\",\"query\":\"\",\"status\":\"0\",\"updateBy\":\"admin\",\"visible\":\"0\"}', '{\"msg\":\"操作成功\",\"code\":200}', 0, NULL, '2023-12-10 15:11:43', 16);
INSERT INTO `sys_oper_log` VALUES (143, '参数管理', 2, 'com.ldb.project.system.controller.SysConfigController.edit()', 'PUT', 1, 'admin', '研发部门', '/system/config', '127.0.0.1', '内网IP', '{\"configId\":5,\"configKey\":\"sys.account.registerUser\",\"configName\":\"账号自助-是否开启用户注册功能\",\"configType\":\"Y\",\"configValue\":\"true\",\"createBy\":\"admin\",\"createTime\":\"2023-12-08 21:00:41\",\"params\":{},\"remark\":\"是否开启注册用户功能（true开启，false关闭）\",\"updateBy\":\"admin\"}', '{\"msg\":\"操作成功\",\"code\":200}', 0, NULL, '2023-12-10 15:12:51', 55);
INSERT INTO `sys_oper_log` VALUES (144, '参数管理', 9, 'com.ldb.project.system.controller.SysConfigController.refreshCache()', 'DELETE', 1, 'admin', '研发部门', '/system/config/refreshCache', '127.0.0.1', '内网IP', '{}', '{\"msg\":\"操作成功\",\"code\":200}', 0, NULL, '2023-12-10 15:13:07', 270);
INSERT INTO `sys_oper_log` VALUES (145, '菜单管理', 2, 'com.ldb.project.system.controller.SysMenuController.edit()', 'PUT', 1, 'admin', '研发部门', '/system/menu', '127.0.0.1', '内网IP', '{\"children\":[],\"component\":\"system/config/index\",\"createTime\":\"2023-12-08 21:00:41\",\"icon\":\"edit\",\"isCache\":\"1\",\"isFrame\":\"1\",\"menuId\":106,\"menuName\":\"参数设置\",\"menuType\":\"C\",\"orderNum\":7,\"params\":{},\"parentId\":3,\"path\":\"config\",\"perms\":\"system:config:list\",\"query\":\"\",\"status\":\"1\",\"updateBy\":\"admin\",\"visible\":\"1\"}', '{\"msg\":\"操作成功\",\"code\":200}', 0, NULL, '2023-12-10 15:13:20', 10);
INSERT INTO `sys_oper_log` VALUES (146, '个人信息', 2, 'com.ldb.project.system.controller.SysProfileController.updateProfile()', 'PUT', 1, 'HBUAdmin', NULL, '/system/user/profile', '127.0.0.1', '内网IP', '{\"admin\":false,\"email\":\"hbuAdmin@qq.com\",\"nickName\":\"HBUAdmin\",\"params\":{},\"phonenumber\":\"13635234596\",\"sex\":\"1\"}', '{\"msg\":\"操作成功\",\"code\":200}', 0, NULL, '2023-12-10 15:15:50', 53);
INSERT INTO `sys_oper_log` VALUES (147, '角色管理', 4, 'com.ldb.project.system.controller.SysRoleController.selectAuthUserAll()', 'PUT', 1, 'admin', '研发部门', '/system/role/authUser/selectAll', '127.0.0.1', '内网IP', '{\"roleId\":\"2\",\"userIds\":\"100\"}', '{\"msg\":\"操作成功\",\"code\":200}', 0, NULL, '2023-12-10 15:18:06', 10);
INSERT INTO `sys_oper_log` VALUES (148, '菜单管理', 2, 'com.ldb.project.system.controller.SysMenuController.edit()', 'PUT', 1, 'HBUAdmin', NULL, '/system/menu', '127.0.0.1', '内网IP', '{\"children\":[],\"component\":\"system/notice/index\",\"createTime\":\"2023-12-08 21:00:41\",\"icon\":\"tab\",\"isCache\":\"0\",\"isFrame\":\"1\",\"menuId\":107,\"menuName\":\"公告板\",\"menuType\":\"C\",\"orderNum\":8,\"params\":{},\"parentId\":1,\"path\":\"notice\",\"perms\":\"system:notice:list\",\"query\":\"\",\"status\":\"0\",\"updateBy\":\"HBUAdmin\",\"visible\":\"0\"}', '{\"msg\":\"操作成功\",\"code\":200}', 0, NULL, '2023-12-10 15:19:55', 10);
INSERT INTO `sys_oper_log` VALUES (149, '菜单管理', 2, 'com.ldb.project.system.controller.SysMenuController.edit()', 'PUT', 1, 'HBUAdmin', NULL, '/system/menu', '127.0.0.1', '内网IP', '{\"children\":[],\"component\":\"system/notice/index\",\"createTime\":\"2023-12-08 21:00:41\",\"icon\":\"tab\",\"isCache\":\"0\",\"isFrame\":\"1\",\"menuId\":107,\"menuName\":\"公告板\",\"menuType\":\"C\",\"orderNum\":9,\"params\":{},\"parentId\":1,\"path\":\"notice\",\"perms\":\"system:notice:list\",\"query\":\"\",\"status\":\"0\",\"updateBy\":\"HBUAdmin\",\"visible\":\"0\"}', '{\"msg\":\"操作成功\",\"code\":200}', 0, NULL, '2023-12-10 15:20:04', 10);
INSERT INTO `sys_oper_log` VALUES (150, '角色管理', 2, 'com.ldb.project.system.controller.SysRoleController.edit()', 'PUT', 1, 'HBUAdmin', NULL, '/system/role', '127.0.0.1', '内网IP', '{\"admin\":false,\"createTime\":\"2023-12-08 21:00:41\",\"dataScope\":\"2\",\"delFlag\":\"0\",\"deptCheckStrictly\":true,\"flag\":false,\"menuCheckStrictly\":true,\"menuIds\":[1,107,1035,1036,1037,1038],\"params\":{},\"remark\":\"失败的man,只能看核心业务\",\"roleId\":2,\"roleKey\":\"common\",\"roleName\":\"普通角色\",\"roleSort\":2,\"status\":\"0\",\"updateBy\":\"HBUAdmin\"}', '{\"msg\":\"操作成功\",\"code\":200}', 0, NULL, '2023-12-10 15:20:42', 102);
INSERT INTO `sys_oper_log` VALUES (151, '角色管理', 2, 'com.ldb.project.system.controller.SysRoleController.edit()', 'PUT', 1, 'admin', '研发部门', '/system/role', '127.0.0.1', '内网IP', '{\"admin\":false,\"createTime\":\"2023-12-08 21:00:41\",\"dataScope\":\"2\",\"delFlag\":\"0\",\"deptCheckStrictly\":true,\"flag\":false,\"menuCheckStrictly\":true,\"menuIds\":[1,107,1035,1036,1037,1038],\"params\":{},\"remark\":\"失败的man,只能看核心业务\",\"roleId\":2,\"roleKey\":\"common\",\"roleName\":\"普通角色\",\"roleSort\":2,\"status\":\"0\",\"updateBy\":\"admin\"}', '{\"msg\":\"操作成功\",\"code\":200}', 0, NULL, '2023-12-10 15:22:04', 16);
INSERT INTO `sys_oper_log` VALUES (152, '菜单管理', 2, 'com.ldb.project.system.controller.SysMenuController.edit()', 'PUT', 1, 'admin', '研发部门', '/system/menu', '127.0.0.1', '内网IP', '{\"children\":[],\"component\":\"system/dept/index\",\"createTime\":\"2023-12-08 21:00:41\",\"icon\":\"tree\",\"isCache\":\"1\",\"isFrame\":\"1\",\"menuId\":103,\"menuName\":\"部门管理\",\"menuType\":\"C\",\"orderNum\":4,\"params\":{},\"parentId\":2,\"path\":\"dept\",\"perms\":\"system:dept:list\",\"query\":\"\",\"status\":\"1\",\"updateBy\":\"admin\",\"visible\":\"1\"}', '{\"msg\":\"操作成功\",\"code\":200}', 0, NULL, '2023-12-10 15:22:31', 9);
INSERT INTO `sys_oper_log` VALUES (153, '菜单管理', 2, 'com.ldb.project.system.controller.SysMenuController.edit()', 'PUT', 1, 'admin', '研发部门', '/system/menu', '127.0.0.1', '内网IP', '{\"children\":[],\"component\":\"monitor/cache/index\",\"createTime\":\"2023-12-08 21:00:41\",\"icon\":\"redis\",\"isCache\":\"0\",\"isFrame\":\"1\",\"menuId\":113,\"menuName\":\"缓存监控\",\"menuType\":\"C\",\"orderNum\":5,\"params\":{},\"parentId\":2,\"path\":\"cache\",\"perms\":\"monitor:cache:list\",\"query\":\"\",\"status\":\"0\",\"updateBy\":\"admin\",\"visible\":\"0\"}', '{\"msg\":\"操作成功\",\"code\":200}', 0, NULL, '2023-12-10 15:22:36', 7);
INSERT INTO `sys_oper_log` VALUES (154, '菜单管理', 2, 'com.ldb.project.system.controller.SysMenuController.edit()', 'PUT', 1, 'admin', '研发部门', '/system/menu', '127.0.0.1', '内网IP', '{\"children\":[],\"component\":\"monitor/cache/index\",\"createTime\":\"2023-12-08 21:00:41\",\"icon\":\"redis\",\"isCache\":\"1\",\"isFrame\":\"1\",\"menuId\":113,\"menuName\":\"缓存监控\",\"menuType\":\"C\",\"orderNum\":5,\"params\":{},\"parentId\":2,\"path\":\"cache\",\"perms\":\"monitor:cache:list\",\"query\":\"\",\"status\":\"1\",\"updateBy\":\"admin\",\"visible\":\"1\"}', '{\"msg\":\"操作成功\",\"code\":200}', 0, NULL, '2023-12-10 15:24:13', 7);
INSERT INTO `sys_oper_log` VALUES (155, '菜单管理', 2, 'com.ldb.project.system.controller.SysMenuController.edit()', 'PUT', 1, 'admin', '研发部门', '/system/menu', '127.0.0.1', '内网IP', '{\"children\":[],\"component\":\"system/menu/index\",\"createTime\":\"2023-12-08 21:00:41\",\"icon\":\"tree-table\",\"isCache\":\"0\",\"isFrame\":\"1\",\"menuId\":102,\"menuName\":\"菜单选项\",\"menuType\":\"C\",\"orderNum\":0,\"params\":{},\"parentId\":2,\"path\":\"menu\",\"perms\":\"system:menu:list\",\"query\":\"\",\"status\":\"0\",\"updateBy\":\"admin\",\"visible\":\"0\"}', '{\"msg\":\"操作成功\",\"code\":200}', 0, NULL, '2023-12-10 15:24:35', 12);
INSERT INTO `sys_oper_log` VALUES (156, '通知公告', 1, 'com.ldb.project.system.controller.SysNoticeController.add()', 'POST', 1, 'admin', '研发部门', '/system/notice', '127.0.0.1', '内网IP', '{\"createBy\":\"admin\",\"noticeContent\":\"<p>尊敬的各位牛马, 本机将进行一周的前后端并行开发停机不维护项目, 请不要保存个人有关信息与业务数据, 切记不要避免风险.</p><p>by <a href=\\\"https://github.com/SpadeKtlsg\\\" rel=\\\"noopener noreferrer\\\" target=\\\"_blank\\\">SpadeKTLSG</a></p>\",\"noticeTitle\":\"停机不维护通知\",\"noticeType\":\"1\",\"params\":{},\"status\":\"0\"}', '{\"msg\":\"操作成功\",\"code\":200}', 0, NULL, '2023-12-10 15:27:05', 10);
INSERT INTO `sys_oper_log` VALUES (157, '通知公告', 1, 'com.ldb.project.system.controller.SysNoticeController.add()', 'POST', 1, 'admin', '研发部门', '/system/notice', '127.0.0.1', '内网IP', '{\"createBy\":\"admin\",\"noticeContent\":\"<p>尊敬的各位牛马, 本机将进行一周的前后端并行开发停机不维护项目, 请不要保存个人有关信息与业务数据, 切记不要避免风险.</p><p>by <a href=\\\"https://github.com/SpadeKtlsg\\\" rel=\\\"noopener noreferrer\\\" target=\\\"_blank\\\">SpadeKTLSG</a></p>\",\"noticeTitle\":\"停机不维护通知\",\"noticeType\":\"1\",\"params\":{},\"status\":\"0\"}', '{\"msg\":\"操作成功\",\"code\":200}', 0, NULL, '2023-12-10 15:27:05', 10);
INSERT INTO `sys_oper_log` VALUES (158, '通知公告', 3, 'com.ldb.project.system.controller.SysNoticeController.remove()', 'DELETE', 1, 'admin', '研发部门', '/system/notice/11', '127.0.0.1', '内网IP', '{}', '{\"msg\":\"操作成功\",\"code\":200}', 0, NULL, '2023-12-10 15:27:16', 18);
INSERT INTO `sys_oper_log` VALUES (159, '代码生成', 3, 'com.ldb.project.tool.gen.controller.GenController.remove()', 'DELETE', 1, 'admin', '研发部门', '/tool/gen/8', '127.0.0.1', '内网IP', '{}', '{\"msg\":\"操作成功\",\"code\":200}', 0, NULL, '2023-12-10 07:36:45', 324);
INSERT INTO `sys_oper_log` VALUES (160, '代码生成', 3, 'com.ldb.project.tool.gen.controller.GenController.remove()', 'DELETE', 1, 'admin', '研发部门', '/tool/gen/9,10,11,12,13', '127.0.0.1', '内网IP', '{}', '{\"msg\":\"操作成功\",\"code\":200}', 0, NULL, '2023-12-10 07:36:49', 259);
INSERT INTO `sys_oper_log` VALUES (161, '代码生成', 6, 'com.ldb.project.tool.gen.controller.GenController.importTableSave()', 'POST', 1, 'admin', '研发部门', '/tool/gen/importTable', '127.0.0.1', '内网IP', '{\"tables\":\"borrow,bookshelf,book\"}', '{\"msg\":\"操作成功\",\"code\":200}', 0, NULL, '2023-12-10 07:41:32', 1891);
INSERT INTO `sys_oper_log` VALUES (162, '代码生成', 6, 'com.ldb.project.tool.gen.controller.GenController.importTableSave()', 'POST', 1, 'admin', '研发部门', '/tool/gen/importTable', '127.0.0.1', '内网IP', '{\"tables\":\"staff,reader\"}', '{\"msg\":\"操作成功\",\"code\":200}', 0, NULL, '2023-12-10 07:41:39', 1244);
INSERT INTO `sys_oper_log` VALUES (163, '代码生成', 6, 'com.ldb.project.tool.gen.controller.GenController.importTableSave()', 'POST', 1, 'admin', '研发部门', '/tool/gen/importTable', '127.0.0.1', '内网IP', '{\"tables\":\"user_type\"}', '{\"msg\":\"操作成功\",\"code\":200}', 0, NULL, '2023-12-10 07:41:46', 466);
INSERT INTO `sys_oper_log` VALUES (164, '代码生成', 2, 'com.ldb.project.tool.gen.controller.GenController.editSave()', 'PUT', 1, 'admin', '研发部门', '/tool/gen', '127.0.0.1', '内网IP', '{\"businessName\":\"Book\",\"className\":\"Book\",\"columns\":[{\"capJavaField\":\"BookId\",\"columnComment\":\"序号\",\"columnId\":74,\"columnName\":\"book_id\",\"columnType\":\"int(11)\",\"createBy\":\"admin\",\"createTime\":\"2023-12-10 07:41:30\",\"dictType\":\"\",\"edit\":false,\"htmlType\":\"input\",\"increment\":false,\"insert\":true,\"isIncrement\":\"0\",\"isInsert\":\"1\",\"isPk\":\"1\",\"isRequired\":\"0\",\"javaField\":\"bookId\",\"javaType\":\"Long\",\"list\":false,\"params\":{},\"pk\":true,\"query\":false,\"queryType\":\"EQ\",\"required\":false,\"sort\":1,\"superColumn\":false,\"tableId\":14,\"updateBy\":\"\",\"usableColumn\":false},{\"capJavaField\":\"BookName\",\"columnComment\":\"名称\",\"columnId\":75,\"columnName\":\"book_name\",\"columnType\":\"varchar(20)\",\"createBy\":\"admin\",\"createTime\":\"2023-12-10 07:41:30\",\"dictType\":\"\",\"edit\":true,\"htmlType\":\"input\",\"increment\":false,\"insert\":true,\"isEdit\":\"1\",\"isIncrement\":\"0\",\"isInsert\":\"1\",\"isList\":\"1\",\"isPk\":\"0\",\"isQuery\":\"1\",\"isRequired\":\"0\",\"javaField\":\"bookName\",\"javaType\":\"String\",\"list\":true,\"params\":{},\"pk\":false,\"query\":true,\"queryType\":\"LIKE\",\"required\":false,\"sort\":2,\"superColumn\":false,\"tableId\":14,\"updateBy\":\"\",\"usableColumn\":false},{\"capJavaField\":\"Author\",\"columnComment\":\"作者\",\"columnId\":76,\"columnName\":\"author\",\"columnType\":\"varchar(10)\",\"createBy\":\"admin\",\"createTime\":\"2023-12-10 07:41:30\",\"dictType\":\"\",\"edit\":true,\"htmlType\":\"input\",\"increment\":false,\"insert\":true,\"isEdit\":\"1\",\"isIncrement\":\"0\",\"isInsert\":\"1\",\"isList\":\"1\",\"isPk\":\"0\",\"isQuery\":\"1\",\"isRequired\":\"0\",\"javaField\":\"author\",\"javaType\":\"String\",\"list\":true,\"params\":{},\"pk\":false,\"query\":true,\"queryType\":\"EQ\",\"required\":false,\"sort\":3,\"superColumn\":false,\"tableId\":14,\"updateBy\":\"\",\"usableColumn\":false},{\"capJavaField\":\"BookType\",\"columnComment\":\"类型\",\"columnId\":77,\"columnName\":\"book_type\",\"columnType\":\"varchar(10)\",\"createBy\":\"admin\",\"createTime\":\"2023-12-10 07:41:30\",\"dictType\":\"\",\"edit\":true,\"htmlType\":\"select\",\"increment\":false,\"insert\":true,\"isEdit\":\"1\",\"isIncrement\":\"0\",\"isInsert\":\"1\",\"isList\":\"1\",\"isPk\":\"0\",\"isQuery\":\"1\",\"isRequired\":\"0\",\"javaFie', '{\"msg\":\"操作成功\",\"code\":200}', 0, NULL, '2023-12-10 07:43:41', 1025);
INSERT INTO `sys_oper_log` VALUES (165, '代码生成', 8, 'com.ldb.project.tool.gen.controller.GenController.batchGenCode()', 'GET', 1, 'admin', '研发部门', '/tool/gen/batchGenCode', '127.0.0.1', '内网IP', '{\"tables\":\"book\"}', NULL, 0, NULL, '2023-12-10 07:43:55', 167);
INSERT INTO `sys_oper_log` VALUES (166, '书籍', 2, 'com.ldb.project.server.controller.BookController.edit()', 'PUT', 1, 'admin', '研发部门', '/server/Book', '127.0.0.1', '内网IP', '{\"author\":\"1\",\"bookId\":1,\"bookName\":\"2\",\"bookPrice\":1,\"bookType\":\"1\",\"bookshelfNumber\":\"1\",\"borrowedNumber\":1,\"collectionNumber\":1,\"inLibrariesNumber\":1,\"params\":{},\"publishingHouse\":\"1\",\"summary\":\"1\"}', '{\"msg\":\"操作成功\",\"code\":200}', 0, NULL, '2023-12-10 07:46:27', 82);
INSERT INTO `sys_oper_log` VALUES (167, '书籍', 2, 'com.ldb.project.server.controller.BookController.edit()', 'PUT', 1, 'admin', '研发部门', '/server/Book', '127.0.0.1', '内网IP', '{\"author\":\"1\",\"bookId\":1,\"bookName\":\"2\",\"bookPrice\":2,\"bookType\":\"1\",\"bookshelfNumber\":\"1\",\"borrowedNumber\":1,\"collectionNumber\":1,\"inLibrariesNumber\":1,\"params\":{},\"publishingHouse\":\"1\",\"summary\":\"1\"}', '{\"msg\":\"操作成功\",\"code\":200}', 0, NULL, '2023-12-10 07:46:35', 79);
INSERT INTO `sys_oper_log` VALUES (168, '书籍', 1, 'com.ldb.project.server.controller.BookController.add()', 'POST', 1, 'admin', '研发部门', '/server/Book', '127.0.0.1', '内网IP', '{\"author\":\"22\",\"bookName\":\"22\",\"bookPrice\":22,\"params\":{}}', NULL, 1, '\r\n### Error updating database.  Cause: java.sql.SQLException: Field \'book_id\' doesn\'t have a default value\r\n### The error may exist in file [D:\\Workshop\\Codes\\FIGHT\\LibraryDBMS\\target\\classes\\mybatis\\server\\BookMapper.xml]\r\n### The error may involve com.ldb.project.server.mapper.BookMapper.insertBook-Inline\r\n### The error occurred while setting parameters\r\n### SQL: insert into book          ( book_name,             author,                          book_price )           values ( ?,             ?,                          ? )\r\n### Cause: java.sql.SQLException: Field \'book_id\' doesn\'t have a default value\n; Field \'book_id\' doesn\'t have a default value; nested exception is java.sql.SQLException: Field \'book_id\' doesn\'t have a default value', '2023-12-10 07:48:03', 143);
INSERT INTO `sys_oper_log` VALUES (169, '书籍', 1, 'com.ldb.project.server.controller.BookController.add()', 'POST', 1, 'admin', '研发部门', '/server/Book', '127.0.0.1', '内网IP', '{\"author\":\"22\",\"bookName\":\"22\",\"bookPrice\":22,\"bookshelfNumber\":\"2\",\"borrowedNumber\":2,\"collectionNumber\":2,\"inLibrariesNumber\":2,\"params\":{},\"publishingHouse\":\"22\",\"summary\":\"2\"}', NULL, 1, '\r\n### Error updating database.  Cause: java.sql.SQLException: Field \'book_id\' doesn\'t have a default value\r\n### The error may exist in file [D:\\Workshop\\Codes\\FIGHT\\LibraryDBMS\\target\\classes\\mybatis\\server\\BookMapper.xml]\r\n### The error may involve com.ldb.project.server.mapper.BookMapper.insertBook-Inline\r\n### The error occurred while setting parameters\r\n### SQL: insert into book          ( book_name,             author,                          book_price,             publishing_house,             summary,             bookshelf_number,             collection_number,             borrowed_number,             in_libraries_number )           values ( ?,             ?,                          ?,             ?,             ?,             ?,             ?,             ?,             ? )\r\n### Cause: java.sql.SQLException: Field \'book_id\' doesn\'t have a default value\n; Field \'book_id\' doesn\'t have a default value; nested exception is java.sql.SQLException: Field \'book_id\' doesn\'t have a default value', '2023-12-10 07:48:09', 76);
INSERT INTO `sys_oper_log` VALUES (170, '代码生成', 2, 'com.ldb.project.tool.gen.controller.GenController.editSave()', 'PUT', 1, 'admin', '研发部门', '/tool/gen', '127.0.0.1', '内网IP', '{\"businessName\":\"Book\",\"className\":\"Book\",\"columns\":[{\"capJavaField\":\"BookId\",\"columnComment\":\"序号\",\"columnId\":74,\"columnName\":\"book_id\",\"columnType\":\"int(11)\",\"createBy\":\"admin\",\"createTime\":\"2023-12-10 07:41:30\",\"dictType\":\"\",\"edit\":false,\"htmlType\":\"input\",\"increment\":false,\"insert\":true,\"isIncrement\":\"0\",\"isInsert\":\"1\",\"isPk\":\"1\",\"isRequired\":\"0\",\"javaField\":\"bookId\",\"javaType\":\"Long\",\"list\":false,\"params\":{},\"pk\":true,\"query\":false,\"queryType\":\"EQ\",\"required\":false,\"sort\":1,\"superColumn\":false,\"tableId\":14,\"updateBy\":\"\",\"updateTime\":\"2023-12-10 07:43:40\",\"usableColumn\":false},{\"capJavaField\":\"BookName\",\"columnComment\":\"名称\",\"columnId\":75,\"columnName\":\"book_name\",\"columnType\":\"varchar(20)\",\"createBy\":\"admin\",\"createTime\":\"2023-12-10 07:41:30\",\"dictType\":\"\",\"edit\":true,\"htmlType\":\"input\",\"increment\":false,\"insert\":true,\"isEdit\":\"1\",\"isIncrement\":\"0\",\"isInsert\":\"1\",\"isList\":\"1\",\"isPk\":\"0\",\"isQuery\":\"1\",\"isRequired\":\"1\",\"javaField\":\"bookName\",\"javaType\":\"String\",\"list\":true,\"params\":{},\"pk\":false,\"query\":true,\"queryType\":\"LIKE\",\"required\":true,\"sort\":2,\"superColumn\":false,\"tableId\":14,\"updateBy\":\"\",\"updateTime\":\"2023-12-10 07:43:40\",\"usableColumn\":false},{\"capJavaField\":\"Author\",\"columnComment\":\"作者\",\"columnId\":76,\"columnName\":\"author\",\"columnType\":\"varchar(10)\",\"createBy\":\"admin\",\"createTime\":\"2023-12-10 07:41:30\",\"dictType\":\"\",\"edit\":true,\"htmlType\":\"input\",\"increment\":false,\"insert\":true,\"isEdit\":\"1\",\"isIncrement\":\"0\",\"isInsert\":\"1\",\"isList\":\"1\",\"isPk\":\"0\",\"isQuery\":\"1\",\"isRequired\":\"1\",\"javaField\":\"author\",\"javaType\":\"String\",\"list\":true,\"params\":{},\"pk\":false,\"query\":true,\"queryType\":\"EQ\",\"required\":true,\"sort\":3,\"superColumn\":false,\"tableId\":14,\"updateBy\":\"\",\"updateTime\":\"2023-12-10 07:43:40\",\"usableColumn\":false},{\"capJavaField\":\"BookType\",\"columnComment\":\"类型\",\"columnId\":77,\"columnName\":\"book_type\",\"columnType\":\"varchar(10)\",\"createBy\":\"admin\",\"createTime\":\"2023-12-10 07:41:30\",\"dictType\":\"\",\"edit\":true,\"htmlType\":\"select\",\"increment\":false,\"insert\":true,\"isEdi', '{\"msg\":\"操作成功\",\"code\":200}', 0, NULL, '2023-12-10 07:51:12', 2093);
INSERT INTO `sys_oper_log` VALUES (171, '代码生成', 8, 'com.ldb.project.tool.gen.controller.GenController.batchGenCode()', 'GET', 1, 'admin', '研发部门', '/tool/gen/batchGenCode', '127.0.0.1', '内网IP', '{\"tables\":\"book\"}', NULL, 0, NULL, '2023-12-10 07:51:18', 209);
INSERT INTO `sys_oper_log` VALUES (172, '书籍', 2, 'com.ldb.project.server.controller.BookController.edit()', 'PUT', 1, 'admin', '研发部门', '/server/Book', '127.0.0.1', '内网IP', '{\"author\":\"1\",\"bookId\":1,\"bookName\":\"2\",\"bookPrice\":2,\"bookType\":\"1\",\"bookshelfNumber\":\"4\",\"borrowedNumber\":1,\"collectionNumber\":1,\"inLibrariesNumber\":1,\"params\":{},\"publishingHouse\":\"2\",\"summary\":\"1\"}', '{\"msg\":\"操作成功\",\"code\":200}', 0, NULL, '2023-12-10 07:55:17', 180);
INSERT INTO `sys_oper_log` VALUES (173, '书籍', 1, 'com.ldb.project.server.controller.BookController.add()', 'POST', 1, 'admin', '研发部门', '/server/Book', '127.0.0.1', '内网IP', '{\"author\":\"3\",\"bookName\":\"3\",\"bookPrice\":3,\"bookshelfNumber\":\"3\",\"borrowedNumber\":3,\"collectionNumber\":3,\"inLibrariesNumber\":3,\"params\":{},\"publishingHouse\":\"3\",\"summary\":\"3\"}', NULL, 1, '\r\n### Error updating database.  Cause: java.sql.SQLException: Field \'book_id\' doesn\'t have a default value\r\n### The error may exist in file [D:\\Workshop\\Codes\\FIGHT\\LibraryDBMS\\target\\classes\\mybatis\\server\\BookMapper.xml]\r\n### The error may involve com.ldb.project.server.mapper.BookMapper.insertBook-Inline\r\n### The error occurred while setting parameters\r\n### SQL: insert into book          ( book_name,             author,                          book_price,             publishing_house,             summary,             bookshelf_number,             collection_number,             borrowed_number,             in_libraries_number )           values ( ?,             ?,                          ?,             ?,             ?,             ?,             ?,             ?,             ? )\r\n### Cause: java.sql.SQLException: Field \'book_id\' doesn\'t have a default value\n; Field \'book_id\' doesn\'t have a default value; nested exception is java.sql.SQLException: Field \'book_id\' doesn\'t have a default value', '2023-12-10 07:55:29', 94);
INSERT INTO `sys_oper_log` VALUES (174, '书籍', 1, 'com.ldb.project.server.controller.BookController.add()', 'POST', 1, 'admin', '研发部门', '/server/Book', '127.0.0.1', '内网IP', '{\"author\":\"1\",\"bookId\":114514,\"bookName\":\"1\",\"bookshelfNumber\":\"1\",\"params\":{}}', '{\"msg\":\"操作成功\",\"code\":200}', 0, NULL, '2023-12-10 08:02:27', 127);
INSERT INTO `sys_oper_log` VALUES (175, '书籍', 1, 'com.ldb.project.server.controller.BookController.add()', 'POST', 1, 'admin', '研发部门', '/server/Book', '127.0.0.1', '内网IP', '{\"author\":\"1\",\"bookId\":114514,\"bookName\":\"1\",\"bookshelfNumber\":\"1\",\"params\":{}}', NULL, 1, '\r\n### Error updating database.  Cause: java.sql.SQLIntegrityConstraintViolationException: Duplicate entry \'114514\' for key \'PRIMARY\'\r\n### The error may exist in file [D:\\Workshop\\Codes\\FIGHT\\LibraryDBMS\\target\\classes\\mybatis\\server\\BookMapper.xml]\r\n### The error may involve com.ldb.project.server.mapper.BookMapper.insertBook-Inline\r\n### The error occurred while setting parameters\r\n### SQL: insert into book          ( book_id,             book_name,             author,                                                                 bookshelf_number )           values ( ?,             ?,             ?,                                                                 ? )\r\n### Cause: java.sql.SQLIntegrityConstraintViolationException: Duplicate entry \'114514\' for key \'PRIMARY\'\n; Duplicate entry \'114514\' for key \'PRIMARY\'; nested exception is java.sql.SQLIntegrityConstraintViolationException: Duplicate entry \'114514\' for key \'PRIMARY\'', '2023-12-10 08:02:35', 134);
INSERT INTO `sys_oper_log` VALUES (176, '书籍', 1, 'com.ldb.project.server.controller.BookController.add()', 'POST', 1, 'admin', '研发部门', '/server/Book', '127.0.0.1', '内网IP', '{\"author\":\"5\",\"bookId\":114514,\"bookName\":\"5\",\"bookshelfNumber\":\"5\",\"params\":{}}', NULL, 1, '\r\n### Error updating database.  Cause: java.sql.SQLIntegrityConstraintViolationException: Duplicate entry \'114514\' for key \'PRIMARY\'\r\n### The error may exist in file [D:\\Workshop\\Codes\\FIGHT\\LibraryDBMS\\target\\classes\\mybatis\\server\\BookMapper.xml]\r\n### The error may involve com.ldb.project.server.mapper.BookMapper.insertBook-Inline\r\n### The error occurred while setting parameters\r\n### SQL: insert into book          ( book_id,             book_name,             author,                                                                 bookshelf_number )           values ( ?,             ?,             ?,                                                                 ? )\r\n### Cause: java.sql.SQLIntegrityConstraintViolationException: Duplicate entry \'114514\' for key \'PRIMARY\'\n; Duplicate entry \'114514\' for key \'PRIMARY\'; nested exception is java.sql.SQLIntegrityConstraintViolationException: Duplicate entry \'114514\' for key \'PRIMARY\'', '2023-12-10 08:09:33', 95672);
INSERT INTO `sys_oper_log` VALUES (177, '书籍', 1, 'com.ldb.project.server.controller.BookController.add()', 'POST', 1, 'admin', '研发部门', '/server/Book', '127.0.0.1', '内网IP', '{\"author\":\"搜索\",\"bookName\":\"发斯蒂芬斯蒂芬\",\"bookshelfNumber\":\"是\",\"params\":{}}', NULL, 1, 'For input string: \"发斯蒂芬斯蒂芬\"', '2023-12-10 08:09:33', 0);
INSERT INTO `sys_oper_log` VALUES (178, '书籍', 1, 'com.ldb.project.server.controller.BookController.add()', 'POST', 1, 'admin', '研发部门', '/server/Book', '127.0.0.1', '内网IP', '{\"author\":\"5\",\"bookId\":-3049662087984760103,\"bookName\":\"5\",\"bookshelfNumber\":\"5\",\"params\":{}}', NULL, 1, '\r\n### Error updating database.  Cause: com.mysql.cj.jdbc.exceptions.MysqlDataTruncation: Data truncation: Out of range value for column \'book_id\' at row 1\r\n### The error may exist in file [D:\\Workshop\\Codes\\FIGHT\\LibraryDBMS\\target\\classes\\mybatis\\server\\BookMapper.xml]\r\n### The error may involve com.ldb.project.server.mapper.BookMapper.insertBook-Inline\r\n### The error occurred while setting parameters\r\n### SQL: insert into book          ( book_id,             book_name,             author,                                                                 bookshelf_number )           values ( ?,             ?,             ?,                                                                 ? )\r\n### Cause: com.mysql.cj.jdbc.exceptions.MysqlDataTruncation: Data truncation: Out of range value for column \'book_id\' at row 1\n; Data truncation: Out of range value for column \'book_id\' at row 1; nested exception is com.mysql.cj.jdbc.exceptions.MysqlDataTruncation: Data truncation: Out of range value for column \'book_id\' at row 1', '2023-12-10 08:09:33', 101);
INSERT INTO `sys_oper_log` VALUES (179, '书籍', 1, 'com.ldb.project.server.controller.BookController.add()', 'POST', 1, 'admin', '研发部门', '/server/Book', '127.0.0.1', '内网IP', '{\"author\":\"5\",\"bookId\":1832602725939815330,\"bookName\":\"5\",\"bookshelfNumber\":\"5\",\"params\":{}}', NULL, 1, '\r\n### Error updating database.  Cause: com.mysql.cj.jdbc.exceptions.MysqlDataTruncation: Data truncation: Out of range value for column \'book_id\' at row 1\r\n### The error may exist in file [D:\\Workshop\\Codes\\FIGHT\\LibraryDBMS\\target\\classes\\mybatis\\server\\BookMapper.xml]\r\n### The error may involve com.ldb.project.server.mapper.BookMapper.insertBook-Inline\r\n### The error occurred while setting parameters\r\n### SQL: insert into book          ( book_id,             book_name,             author,                                                                 bookshelf_number )           values ( ?,             ?,             ?,                                                                 ? )\r\n### Cause: com.mysql.cj.jdbc.exceptions.MysqlDataTruncation: Data truncation: Out of range value for column \'book_id\' at row 1\n; Data truncation: Out of range value for column \'book_id\' at row 1; nested exception is com.mysql.cj.jdbc.exceptions.MysqlDataTruncation: Data truncation: Out of range value for column \'book_id\' at row 1', '2023-12-10 08:09:33', 115);
INSERT INTO `sys_oper_log` VALUES (180, '书籍', 1, 'com.ldb.project.server.controller.BookController.add()', 'POST', 1, 'admin', '研发部门', '/server/Book', '127.0.0.1', '内网IP', '{\"author\":\"搜索\",\"bookName\":\"发斯蒂芬斯蒂芬\",\"bookshelfNumber\":\"是\",\"params\":{}}', NULL, 1, 'For input string: \"发斯蒂芬斯蒂芬\"', '2023-12-10 08:10:32', 11329);
INSERT INTO `sys_oper_log` VALUES (181, '书籍', 1, 'com.ldb.project.server.controller.BookController.add()', 'POST', 1, 'admin', '研发部门', '/server/Book', '127.0.0.1', '内网IP', '{\"author\":\"搜索\",\"bookName\":\"发斯蒂芬斯蒂芬\",\"bookshelfNumber\":\"是\",\"params\":{}}', NULL, 1, 'For input string: \"发斯蒂芬斯蒂芬\"', '2023-12-10 08:10:38', 5);
INSERT INTO `sys_oper_log` VALUES (182, '书籍', 1, 'com.ldb.project.server.controller.BookController.add()', 'POST', 1, 'admin', '研发部门', '/server/Book', '127.0.0.1', '内网IP', '{\"author\":\"搜索\",\"bookName\":\"发斯蒂\",\"bookshelfNumber\":\"是\",\"params\":{}}', NULL, 1, 'For input string: \"发斯蒂\"', '2023-12-10 08:11:19', 16909);
INSERT INTO `sys_oper_log` VALUES (183, '书籍', 1, 'com.ldb.project.server.controller.BookController.add()', 'POST', 1, 'admin', '研发部门', '/server/Book', '127.0.0.1', '内网IP', '{\"author\":\"搜索\",\"bookName\":\"发斯蒂\",\"bookshelfNumber\":\"是\",\"params\":{}}', NULL, 1, 'For input string: \"发斯蒂\"', '2023-12-10 08:11:43', 2);
INSERT INTO `sys_oper_log` VALUES (184, '书籍', 1, 'com.ldb.project.server.controller.BookController.add()', 'POST', 1, 'admin', '研发部门', '/server/Book', '127.0.0.1', '内网IP', '{\"author\":\"搜索\",\"bookName\":\"手打\",\"bookshelfNumber\":\"5\",\"params\":{}}', NULL, 1, 'For input string: \"手打\"', '2023-12-10 08:12:16', 1);
INSERT INTO `sys_oper_log` VALUES (185, '书籍', 1, 'com.ldb.project.server.controller.BookController.add()', 'POST', 1, 'admin', '研发部门', '/server/Book', '127.0.0.1', '内网IP', '{\"author\":\"搜索\",\"bookName\":\"搜索\",\"bookshelfNumber\":\"5\",\"params\":{}}', NULL, 1, 'For input string: \"搜索\"', '2023-12-10 08:12:40', 0);
INSERT INTO `sys_oper_log` VALUES (186, '书籍', 1, 'com.ldb.project.server.controller.BookController.add()', 'POST', 1, 'admin', '研发部门', '/server/Book', '127.0.0.1', '内网IP', '{\"author\":\"搜索\",\"bookName\":\"搜索\",\"bookshelfNumber\":\"5\",\"params\":{}}', NULL, 1, 'For input string: \"搜索\"', '2023-12-10 08:12:52', 1);
INSERT INTO `sys_oper_log` VALUES (187, '书籍', 1, 'com.ldb.project.server.controller.BookController.add()', 'POST', 1, 'admin', '研发部门', '/server/Book', '127.0.0.1', '内网IP', '{\"author\":\"搜索\",\"bookName\":\"搜索\",\"bookshelfNumber\":\"6\",\"params\":{}}', NULL, 1, 'For input string: \"搜索\"', '2023-12-10 08:13:55', 6);
INSERT INTO `sys_oper_log` VALUES (188, '书籍', 1, 'com.ldb.project.server.controller.BookController.add()', 'POST', 1, 'admin', '研发部门', '/server/Book', '127.0.0.1', '内网IP', '{\"author\":\"4\",\"bookId\":-7531158222839134132,\"bookName\":\"4\",\"bookshelfNumber\":\"5\",\"params\":{}}', NULL, 1, '\r\n### Error updating database.  Cause: com.mysql.cj.jdbc.exceptions.MysqlDataTruncation: Data truncation: Out of range value for column \'book_id\' at row 1\r\n### The error may exist in file [D:\\Workshop\\Codes\\FIGHT\\LibraryDBMS\\target\\classes\\mybatis\\server\\BookMapper.xml]\r\n### The error may involve com.ldb.project.server.mapper.BookMapper.insertBook-Inline\r\n### The error occurred while setting parameters\r\n### SQL: insert into book          ( book_id,             book_name,             author,                                                                 bookshelf_number )           values ( ?,             ?,             ?,                                                                 ? )\r\n### Cause: com.mysql.cj.jdbc.exceptions.MysqlDataTruncation: Data truncation: Out of range value for column \'book_id\' at row 1\n; Data truncation: Out of range value for column \'book_id\' at row 1; nested exception is com.mysql.cj.jdbc.exceptions.MysqlDataTruncation: Data truncation: Out of range value for column \'book_id\' at row 1', '2023-12-10 08:15:49', 301);
INSERT INTO `sys_oper_log` VALUES (189, '书籍', 1, 'com.ldb.project.server.controller.BookController.add()', 'POST', 1, 'admin', '研发部门', '/server/Book', '127.0.0.1', '内网IP', '{\"author\":\"55\",\"bookId\":115,\"bookName\":\"55\",\"bookshelfNumber\":\"55\",\"params\":{}}', '{\"msg\":\"操作成功\",\"code\":200}', 0, NULL, '2023-12-10 08:20:49', 105);
INSERT INTO `sys_oper_log` VALUES (190, '书籍', 1, 'com.ldb.project.server.controller.BookController.add()', 'POST', 1, 'admin', '研发部门', '/server/Book', '127.0.0.1', '内网IP', '{\"author\":\"66\",\"bookId\":134,\"bookName\":\"66\",\"bookshelfNumber\":\"66\",\"params\":{}}', '{\"msg\":\"操作成功\",\"code\":200}', 0, NULL, '2023-12-10 08:20:59', 83);
INSERT INTO `sys_oper_log` VALUES (191, '书籍', 1, 'com.ldb.project.server.controller.BookController.add()', 'POST', 1, 'admin', '研发部门', '/server/Book', '127.0.0.1', '内网IP', '{\"author\":\"搜索\",\"bookName\":\"搜索\",\"bookshelfNumber\":\"6\",\"params\":{}}', NULL, 1, 'For input string: \"搜索\"', '2023-12-10 08:21:08', 1);
INSERT INTO `sys_oper_log` VALUES (192, '书籍', 3, 'com.ldb.project.server.controller.BookController.remove()', 'DELETE', 1, 'admin', '研发部门', '/server/Book/115,134,114514', '127.0.0.1', '内网IP', '{}', '{\"msg\":\"操作成功\",\"code\":200}', 0, NULL, '2023-12-10 08:26:31', 112);
INSERT INTO `sys_oper_log` VALUES (193, '书籍', 2, 'com.ldb.project.server.controller.BookController.edit()', 'PUT', 1, 'admin', '研发部门', '/server/Book', '127.0.0.1', '内网IP', '{\"author\":\"1\",\"bookId\":1,\"bookName\":\"是是是\",\"bookPrice\":2,\"bookType\":\"1\",\"bookshelfNumber\":\"4\",\"borrowedNumber\":1,\"collectionNumber\":1,\"inLibrariesNumber\":1,\"params\":{},\"publishingHouse\":\"2\",\"summary\":\"1\"}', '{\"msg\":\"操作成功\",\"code\":200}', 0, NULL, '2023-12-10 08:26:37', 105);
INSERT INTO `sys_oper_log` VALUES (194, '书籍', 1, 'com.ldb.project.server.controller.BookController.add()', 'POST', 1, 'admin', '研发部门', '/server/Book', '127.0.0.1', '内网IP', '{\"author\":\"是是是\",\"bookId\":9,\"bookName\":\"是是是\",\"bookshelfNumber\":\"4\",\"params\":{}}', '{\"msg\":\"操作成功\",\"code\":200}', 0, NULL, '2023-12-10 08:26:43', 83);
INSERT INTO `sys_oper_log` VALUES (195, '书籍', 1, 'com.ldb.project.server.controller.BookController.add()', 'POST', 1, 'admin', '研发部门', '/server/Book', '127.0.0.1', '内网IP', '{\"author\":\"33\",\"bookName\":\"33\",\"bookshelfNumber\":\"3\",\"params\":{}}', NULL, 1, 'Invalid UUID string: 33', '2023-12-10 08:33:10', 6);
INSERT INTO `sys_oper_log` VALUES (196, '书籍', 1, 'com.ldb.project.server.controller.BookController.add()', 'POST', 1, 'admin', '研发部门', '/server/Book', '127.0.0.1', '内网IP', '{\"author\":\"搜索\",\"bookName\":\"搜索\",\"bookshelfNumber\":\"5\",\"params\":{}}', NULL, 1, 'Invalid UUID string: 搜索', '2023-12-10 08:33:25', 1);
INSERT INTO `sys_oper_log` VALUES (197, '书籍', 1, 'com.ldb.project.server.controller.BookController.add()', 'POST', 1, 'admin', '研发部门', '/server/Book', '127.0.0.1', '内网IP', '{\"author\":\"搜索\",\"bookId\":397671922,\"bookName\":\"搜索\",\"bookshelfNumber\":\"5\",\"params\":{}}', '{\"msg\":\"操作成功\",\"code\":200}', 0, NULL, '2023-12-10 08:34:27', 111);
INSERT INTO `sys_oper_log` VALUES (198, '书籍', 1, 'com.ldb.project.server.controller.BookController.add()', 'POST', 1, 'admin', '研发部门', '/server/Book', '127.0.0.1', '内网IP', '{\"author\":\"搜索\",\"bookId\":-2025160335,\"bookName\":\"试试\",\"bookshelfNumber\":\"6\",\"params\":{}}', '{\"msg\":\"操作成功\",\"code\":200}', 0, NULL, '2023-12-10 08:37:02', 230);
INSERT INTO `sys_oper_log` VALUES (199, '书籍', 3, 'com.ldb.project.server.controller.BookController.remove()', 'DELETE', 1, 'admin', '研发部门', '/server/Book/-2025160335,397671922,9', '127.0.0.1', '内网IP', '{}', '{\"msg\":\"操作成功\",\"code\":200}', 0, NULL, '2023-12-10 08:39:33', 121);
INSERT INTO `sys_oper_log` VALUES (200, '书籍', 3, 'com.ldb.project.server.controller.BookController.remove()', 'DELETE', 1, 'admin', '研发部门', '/server/Book/1', '127.0.0.1', '内网IP', '{}', '{\"msg\":\"操作成功\",\"code\":200}', 0, NULL, '2023-12-10 08:39:38', 202);
INSERT INTO `sys_oper_log` VALUES (201, '书籍', 1, 'com.ldb.project.server.controller.BookController.add()', 'POST', 1, 'admin', '研发部门', '/server/Book', '127.0.0.1', '内网IP', '{\"author\":\"是啊是\",\"bookId\":1211865,\"bookName\":\"梵蒂冈的\",\"bookshelfNumber\":\"1\",\"params\":{}}', '{\"msg\":\"操作成功\",\"code\":200}', 0, NULL, '2023-12-10 08:39:46', 108);
INSERT INTO `sys_oper_log` VALUES (202, '书籍', 3, 'com.ldb.project.server.controller.BookController.remove()', 'DELETE', 1, 'admin', '研发部门', '/server/Book/1211865', '127.0.0.1', '内网IP', '{}', '{\"msg\":\"操作成功\",\"code\":200}', 0, NULL, '2023-12-10 10:36:41', 178);
INSERT INTO `sys_oper_log` VALUES (203, '书籍', 1, 'com.ldb.project.server.controller.BookController.add()', 'POST', 1, 'admin', '研发部门', '/server/Book', '127.0.0.1', '内网IP', '{\"author\":\"啊啊\",\"bookName\":\"好好好\",\"bookshelfNumber\":\"3\",\"params\":{}}', NULL, 1, 'Invalid UUID string: 好好好', '2023-12-10 10:36:48', 2);
INSERT INTO `sys_oper_log` VALUES (204, '书籍', 1, 'com.ldb.project.server.controller.BookController.add()', 'POST', 1, 'admin', '研发部门', '/server/Book', '127.0.0.1', '内网IP', '{\"author\":\"啊\",\"bookId\":470982127,\"bookName\":\"好好好\",\"bookshelfNumber\":\"22\",\"params\":{}}', '{\"msg\":\"操作成功\",\"code\":200}', 0, NULL, '2023-12-10 10:44:02', 161);
INSERT INTO `sys_oper_log` VALUES (205, '书籍', 1, 'com.ldb.project.server.controller.BookController.add()', 'POST', 1, 'admin', '研发部门', '/server/Book', '127.0.0.1', '内网IP', '{\"author\":\"啊啊啊啊\",\"bookId\":470982127,\"bookName\":\"好好好\",\"bookshelfNumber\":\"44\",\"params\":{}}', NULL, 1, '\r\n### Error updating database.  Cause: java.sql.SQLIntegrityConstraintViolationException: Duplicate entry \'470982127\' for key \'PRIMARY\'\r\n### The error may exist in file [D:\\Workshop\\Codes\\FIGHT\\LibraryDBMS\\target\\classes\\mybatis\\server\\BookMapper.xml]\r\n### The error may involve com.ldb.project.server.mapper.BookMapper.insertBook-Inline\r\n### The error occurred while setting parameters\r\n### SQL: insert into book          ( book_id,             book_name,             author,                                                                 bookshelf_number )           values ( ?,             ?,             ?,                                                                 ? )\r\n### Cause: java.sql.SQLIntegrityConstraintViolationException: Duplicate entry \'470982127\' for key \'PRIMARY\'\n; Duplicate entry \'470982127\' for key \'PRIMARY\'; nested exception is java.sql.SQLIntegrityConstraintViolationException: Duplicate entry \'470982127\' for key \'PRIMARY\'', '2023-12-10 10:44:14', 128);
INSERT INTO `sys_oper_log` VALUES (206, '书籍', 1, 'com.ldb.project.server.controller.BookController.add()', 'POST', 1, 'admin', '研发部门', '/server/Book', '127.0.0.1', '内网IP', '{\"author\":\"啊啊啊啊\",\"bookId\":1907451206,\"bookName\":\"好好好\",\"bookshelfNumber\":\"44\",\"params\":{}}', '{\"msg\":\"操作成功\",\"code\":200}', 0, NULL, '2023-12-10 10:46:15', 111);
INSERT INTO `sys_oper_log` VALUES (207, '书籍', 1, 'com.ldb.project.server.controller.BookController.add()', 'POST', 1, 'admin', '研发部门', '/server/Book', '127.0.0.1', '内网IP', '{\"author\":\"啊啊啊\",\"bookId\":1089213434,\"bookName\":\"好好好\",\"bookshelfNumber\":\"55\",\"params\":{}}', '{\"msg\":\"操作成功\",\"code\":200}', 0, NULL, '2023-12-10 10:46:31', 124);
INSERT INTO `sys_oper_log` VALUES (208, '书籍', 1, 'com.ldb.project.server.controller.BookController.add()', 'POST', 1, 'admin', '研发部门', '/server/Book', '127.0.0.1', '内网IP', '{\"author\":\"啊\",\"bookId\":1665421557,\"bookName\":\"好好好\",\"bookshelfNumber\":\"22\",\"params\":{}}', '{\"msg\":\"操作成功\",\"code\":200}', 0, NULL, '2023-12-10 10:46:39', 112);
INSERT INTO `sys_oper_log` VALUES (209, '书籍', 3, 'com.ldb.project.server.controller.BookController.remove()', 'DELETE', 1, 'admin', '研发部门', '/server/Book/1089213434,1907451206', '127.0.0.1', '内网IP', '{}', '{\"msg\":\"操作成功\",\"code\":200}', 0, NULL, '2023-12-10 10:48:58', 150);
INSERT INTO `sys_oper_log` VALUES (210, '书籍', 1, 'com.ldb.project.server.controller.BookController.add()', 'POST', 1, 'admin', '研发部门', '/server/Book', '127.0.0.1', '内网IP', '{\"author\":\"啊\",\"bookId\":1665421557,\"bookName\":\"好好好\",\"bookshelfNumber\":\"44\",\"params\":{}}', NULL, 1, '\r\n### Error updating database.  Cause: java.sql.SQLIntegrityConstraintViolationException: Duplicate entry \'1665421557\' for key \'PRIMARY\'\r\n### The error may exist in file [D:\\Workshop\\Codes\\FIGHT\\LibraryDBMS\\target\\classes\\mybatis\\server\\BookMapper.xml]\r\n### The error may involve com.ldb.project.server.mapper.BookMapper.insertBook-Inline\r\n### The error occurred while setting parameters\r\n### SQL: insert into book          ( book_id,             book_name,             author,                                                                 bookshelf_number )           values ( ?,             ?,             ?,                                                                 ? )\r\n### Cause: java.sql.SQLIntegrityConstraintViolationException: Duplicate entry \'1665421557\' for key \'PRIMARY\'\n; Duplicate entry \'1665421557\' for key \'PRIMARY\'; nested exception is java.sql.SQLIntegrityConstraintViolationException: Duplicate entry \'1665421557\' for key \'PRIMARY\'', '2023-12-10 10:49:06', 116);
INSERT INTO `sys_oper_log` VALUES (211, '书籍', 1, 'com.ldb.project.server.controller.BookController.add()', 'POST', 1, 'admin', '研发部门', '/server/Book', '127.0.0.1', '内网IP', '{\"author\":\"啊啊啊\",\"bookId\":1089213434,\"bookName\":\"好好好\",\"bookshelfNumber\":\"44\",\"params\":{}}', '{\"msg\":\"操作成功\",\"code\":200}', 0, NULL, '2023-12-10 10:49:12', 96);
INSERT INTO `sys_oper_log` VALUES (212, '书籍', 1, 'com.ldb.project.server.controller.BookController.add()', 'POST', 1, 'admin', '研发部门', '/server/Book', '127.0.0.1', '内网IP', '{\"author\":\"啊\",\"bookId\":1665421557,\"bookName\":\"好好好\",\"bookshelfNumber\":\"5\",\"params\":{}}', NULL, 1, '\r\n### Error updating database.  Cause: java.sql.SQLIntegrityConstraintViolationException: Duplicate entry \'1665421557\' for key \'PRIMARY\'\r\n### The error may exist in file [D:\\Workshop\\Codes\\FIGHT\\LibraryDBMS\\target\\classes\\mybatis\\server\\BookMapper.xml]\r\n### The error may involve com.ldb.project.server.mapper.BookMapper.insertBook-Inline\r\n### The error occurred while setting parameters\r\n### SQL: insert into book          ( book_id,             book_name,             author,                                                                 bookshelf_number )           values ( ?,             ?,             ?,                                                                 ? )\r\n### Cause: java.sql.SQLIntegrityConstraintViolationException: Duplicate entry \'1665421557\' for key \'PRIMARY\'\n; Duplicate entry \'1665421557\' for key \'PRIMARY\'; nested exception is java.sql.SQLIntegrityConstraintViolationException: Duplicate entry \'1665421557\' for key \'PRIMARY\'', '2023-12-10 10:49:21', 105);
INSERT INTO `sys_oper_log` VALUES (213, '书籍', 3, 'com.ldb.project.server.controller.BookController.remove()', 'DELETE', 1, 'admin', '研发部门', '/server/Book/470982127,1089213434,1665421557', '127.0.0.1', '内网IP', '{}', '{\"msg\":\"操作成功\",\"code\":200}', 0, NULL, '2023-12-10 10:50:49', 164);
INSERT INTO `sys_oper_log` VALUES (214, '书籍', 1, 'com.ldb.project.server.controller.BookController.add()', 'POST', 1, 'admin', '研发部门', '/server/Book', '127.0.0.1', '内网IP', '{\"author\":\"啊\",\"bookId\":1140623317,\"bookName\":\"好好好\",\"bookshelfNumber\":\"5\",\"params\":{}}', '{\"msg\":\"操作成功\",\"code\":200}', 0, NULL, '2023-12-10 10:50:56', 110);
INSERT INTO `sys_oper_log` VALUES (215, '书籍', 1, 'com.ldb.project.server.controller.BookController.add()', 'POST', 1, 'admin', '研发部门', '/server/Book', '127.0.0.1', '内网IP', '{\"author\":\"啊\",\"bookId\":84408396,\"bookName\":\"好好好\",\"bookshelfNumber\":\"5\",\"params\":{}}', '{\"msg\":\"操作成功\",\"code\":200}', 0, NULL, '2023-12-10 10:51:04', 110);
INSERT INTO `sys_oper_log` VALUES (216, '书籍', 1, 'com.ldb.project.server.controller.BookController.add()', 'POST', 1, 'admin', '研发部门', '/server/Book', '127.0.0.1', '内网IP', '{\"author\":\"啊\",\"bookId\":1602146062,\"bookName\":\"好好好\",\"bookshelfNumber\":\"6\",\"params\":{}}', '{\"msg\":\"操作成功\",\"code\":200}', 0, NULL, '2023-12-10 10:51:20', 91);
INSERT INTO `sys_oper_log` VALUES (217, '书籍', 1, 'com.ldb.project.server.controller.BookController.add()', 'POST', 1, 'admin', '研发部门', '/server/Book', '127.0.0.1', '内网IP', '{\"author\":\"啊\",\"bookId\":1375754038,\"bookName\":\"好好好\",\"bookshelfNumber\":\"7\",\"params\":{}}', '{\"msg\":\"操作成功\",\"code\":200}', 0, NULL, '2023-12-10 10:51:39', 138);
INSERT INTO `sys_oper_log` VALUES (218, '书籍', 1, 'com.ldb.project.server.controller.BookController.add()', 'POST', 1, 'admin', '研发部门', '/server/Book', '127.0.0.1', '内网IP', '{\"author\":\"阿斯达d\",\"bookId\":2043396775,\"bookName\":\"很好ghjg\",\"bookshelfNumber\":\"6\",\"params\":{}}', '{\"msg\":\"操作成功\",\"code\":200}', 0, NULL, '2023-12-10 10:52:01', 110);
INSERT INTO `sys_oper_log` VALUES (219, '书籍', 3, 'com.ldb.project.server.controller.BookController.remove()', 'DELETE', 1, 'admin', '研发部门', '/server/Book/84408396,1140623317,1375754038,1602146062,2043396775', '127.0.0.1', '内网IP', '{}', '{\"msg\":\"操作成功\",\"code\":200}', 0, NULL, '2023-12-10 10:53:31', 142);
INSERT INTO `sys_oper_log` VALUES (220, '书籍', 1, 'com.ldb.project.server.controller.BookController.add()', 'POST', 1, 'admin', '研发部门', '/server/Book', '127.0.0.1', '内网IP', '{\"author\":\"sad\",\"bookId\":375597314,\"bookName\":\"啊实打实的\",\"bookshelfNumber\":\"6\",\"params\":{}}', '{\"msg\":\"操作成功\",\"code\":200}', 0, NULL, '2023-12-10 10:53:38', 150);
INSERT INTO `sys_oper_log` VALUES (221, '书籍', 1, 'com.ldb.project.server.controller.BookController.add()', 'POST', 1, 'admin', '研发部门', '/server/Book', '127.0.0.1', '内网IP', '{\"author\":\"啊实打实大\",\"bookId\":718077813,\"bookName\":\"大师大师的\",\"bookshelfNumber\":\"一套一套若依\",\"params\":{}}', '{\"msg\":\"操作成功\",\"code\":200}', 0, NULL, '2023-12-10 10:53:49', 106);
INSERT INTO `sys_oper_log` VALUES (222, '书籍', 1, 'com.ldb.project.server.controller.BookController.add()', 'POST', 1, 'admin', '研发部门', '/server/Book', '127.0.0.1', '内网IP', '{\"author\":\"啊实打实大\",\"bookId\":949738124,\"bookName\":\"分隔符高鸿股份\",\"bookshelfNumber\":\"按时大大\",\"params\":{}}', '{\"msg\":\"操作成功\",\"code\":200}', 0, NULL, '2023-12-10 10:54:00', 121);
INSERT INTO `sys_oper_log` VALUES (223, '书籍', 1, 'com.ldb.project.server.controller.BookController.add()', 'POST', 1, 'admin', '研发部门', '/server/Book', '127.0.0.1', '内网IP', '{\"author\":\"567643gdgh\",\"bookId\":264279302,\"bookName\":\"45345\",\"bookshelfNumber\":\"45\",\"params\":{}}', '{\"msg\":\"操作成功\",\"code\":200}', 0, NULL, '2023-12-10 10:54:08', 113);
INSERT INTO `sys_oper_log` VALUES (224, '书籍', 3, 'com.ldb.project.server.controller.BookController.remove()', 'DELETE', 1, 'admin', '研发部门', '/server/Book/264279302,375597314,718077813,949738124', '127.0.0.1', '内网IP', '{}', '{\"msg\":\"操作成功\",\"code\":200}', 0, NULL, '2023-12-10 11:09:30', 163);
INSERT INTO `sys_oper_log` VALUES (225, '书籍', 1, 'com.ldb.project.server.controller.BookController.add()', 'POST', 1, 'admin', '研发部门', '/server/Book', '127.0.0.1', '内网IP', '{\"author\":\"啊啊啊\",\"bookId\":711448213,\"bookName\":\"啊啊啊\",\"bookshelfNumber\":\"22\",\"params\":{}}', '{\"msg\":\"操作成功\",\"code\":200}', 0, NULL, '2023-12-10 11:09:35', 180);
INSERT INTO `sys_oper_log` VALUES (226, '书籍', 1, 'com.ldb.project.server.controller.BookController.add()', 'POST', 1, 'admin', '研发部门', '/server/Book', '127.0.0.1', '内网IP', '{\"author\":\"啊啊啊\",\"bookId\":1186183420,\"bookName\":\"啊啊啊\",\"bookshelfNumber\":\"22\",\"params\":{}}', '{\"msg\":\"操作成功\",\"code\":200}', 0, NULL, '2023-12-10 11:09:43', 160);
INSERT INTO `sys_oper_log` VALUES (227, '书籍', 1, 'com.ldb.project.server.controller.BookController.add()', 'POST', 1, 'admin', '研发部门', '/server/Book', '127.0.0.1', '内网IP', '{\"author\":\"啊啊啊\",\"bookId\":1995645851,\"bookName\":\"啊啊啊\",\"bookshelfNumber\":\"33\",\"params\":{}}', '{\"msg\":\"操作成功\",\"code\":200}', 0, NULL, '2023-12-10 11:09:51', 112);
INSERT INTO `sys_oper_log` VALUES (228, '书籍', 3, 'com.ldb.project.server.controller.BookController.remove()', 'DELETE', 1, 'admin', '研发部门', '/server/Book/1186183420,711448213,1995645851', '127.0.0.1', '内网IP', '{}', '{\"msg\":\"操作成功\",\"code\":200}', 0, NULL, '2023-12-10 11:11:05', 152);
INSERT INTO `sys_oper_log` VALUES (229, '书籍', 1, 'com.ldb.project.server.controller.BookController.add()', 'POST', 1, 'admin', '研发部门', '/server/Book', '127.0.0.1', '内网IP', '{\"author\":\"啊啊啊啊\",\"bookId\":6540518,\"bookName\":\"啊啊啊啊\",\"bookshelfNumber\":\"1\",\"params\":{}}', '{\"msg\":\"操作成功\",\"code\":200}', 0, NULL, '2023-12-10 11:11:13', 109);
INSERT INTO `sys_oper_log` VALUES (230, '书籍', 1, 'com.ldb.project.server.controller.BookController.add()', 'POST', 1, 'admin', '研发部门', '/server/Book', '127.0.0.1', '内网IP', '{\"author\":\"啊啊啊啊\",\"bookId\":13791021,\"bookName\":\"啊啊啊啊\",\"bookshelfNumber\":\"1\",\"params\":{}}', '{\"msg\":\"操作成功\",\"code\":200}', 0, NULL, '2023-12-10 11:11:18', 177);
INSERT INTO `sys_oper_log` VALUES (231, '书籍', 1, 'com.ldb.project.server.controller.BookController.add()', 'POST', 1, 'admin', '研发部门', '/server/Book', '127.0.0.1', '内网IP', '{\"author\":\"啊啊啊啊\",\"bookId\":4409330,\"bookName\":\"啊啊啊啊\",\"bookshelfNumber\":\"1\",\"params\":{}}', '{\"msg\":\"操作成功\",\"code\":200}', 0, NULL, '2023-12-10 11:11:28', 89);
INSERT INTO `sys_oper_log` VALUES (232, '书籍', 3, 'com.ldb.project.server.controller.BookController.remove()', 'DELETE', 1, 'admin', '研发部门', '/server/Book/4409330,6540518,13791021', '127.0.0.1', '内网IP', '{}', '{\"msg\":\"操作成功\",\"code\":200}', 0, NULL, '2023-12-10 11:17:51', 118);
INSERT INTO `sys_oper_log` VALUES (233, '书籍', 1, 'com.ldb.project.server.controller.BookController.add()', 'POST', 1, 'admin', '研发部门', '/server/Book', '127.0.0.1', '内网IP', '{\"author\":\"啊啊啊\",\"bookId\":81426958,\"bookName\":\"啊啊啊\",\"bookshelfNumber\":\"1\",\"params\":{}}', '{\"msg\":\"操作成功\",\"code\":200}', 0, NULL, '2023-12-10 11:18:59', 143);
INSERT INTO `sys_oper_log` VALUES (234, '书籍', 1, 'com.ldb.project.server.controller.BookController.add()', 'POST', 1, 'admin', '研发部门', '/server/Book', '127.0.0.1', '内网IP', '{\"author\":\"啊啊啊\",\"bookId\":20881021,\"bookName\":\"啊啊啊\",\"bookshelfNumber\":\"3\",\"params\":{}}', '{\"msg\":\"操作成功\",\"code\":200}', 0, NULL, '2023-12-10 11:19:07', 119);
INSERT INTO `sys_oper_log` VALUES (235, '书籍', 3, 'com.ldb.project.server.controller.BookController.remove()', 'DELETE', 1, 'admin', '研发部门', '/server/Book/20881021,81426958', '127.0.0.1', '内网IP', '{}', '{\"msg\":\"操作成功\",\"code\":200}', 0, NULL, '2023-12-10 11:19:47', 135);
INSERT INTO `sys_oper_log` VALUES (236, '书籍', 1, 'com.ldb.project.server.controller.BookController.add()', 'POST', 1, 'admin', '研发部门', '/server/Book', '127.0.0.1', '内网IP', '{\"author\":\"啊啊\",\"bookId\":11426799,\"bookName\":\"啊啊\",\"bookPrice\":11,\"bookshelfNumber\":\"1\",\"borrowedNumber\":1,\"collectionNumber\":1,\"inLibrariesNumber\":1,\"params\":{},\"publishingHouse\":\"11\",\"summary\":\"11\"}', '{\"msg\":\"操作成功\",\"code\":200}', 0, NULL, '2023-12-10 11:22:53', 223);
INSERT INTO `sys_oper_log` VALUES (237, '书籍', 2, 'com.ldb.project.server.controller.BookController.edit()', 'PUT', 1, 'admin', '研发部门', '/server/Book', '127.0.0.1', '内网IP', '{\"author\":\"啊啊\",\"bookId\":11426799,\"bookName\":\"啊啊\",\"bookPrice\":44,\"bookshelfNumber\":\"1\",\"borrowedNumber\":1,\"collectionNumber\":1,\"inLibrariesNumber\":1,\"params\":{},\"publishingHouse\":\"11\",\"summary\":\"11\"}', '{\"msg\":\"操作成功\",\"code\":200}', 0, NULL, '2023-12-10 11:23:16', 172);
INSERT INTO `sys_oper_log` VALUES (238, '书籍', 2, 'com.ldb.project.server.controller.BookController.edit()', 'PUT', 1, 'admin', '研发部门', '/server/Book', '127.0.0.1', '内网IP', '{\"author\":\"啊啊\",\"bookId\":11426799,\"bookName\":\"啊啊\",\"bookPrice\":44,\"bookType\":\"ss\",\"bookshelfNumber\":\"1\",\"borrowedNumber\":1,\"collectionNumber\":1,\"inLibrariesNumber\":1,\"params\":{},\"publishingHouse\":\"11\",\"summary\":\"11\"}', '{\"msg\":\"操作成功\",\"code\":200}', 0, NULL, '2023-12-10 11:25:29', 162);
INSERT INTO `sys_oper_log` VALUES (239, '书籍', 3, 'com.ldb.project.server.controller.BookController.remove()', 'DELETE', 1, 'admin', '研发部门', '/server/Book/11426799', '127.0.0.1', '内网IP', '{}', '{\"msg\":\"操作成功\",\"code\":200}', 0, NULL, '2023-12-10 11:28:48', 290);
INSERT INTO `sys_oper_log` VALUES (240, '书籍', 1, 'com.ldb.project.server.controller.BookController.add()', 'POST', 1, 'admin', '研发部门', '/server/Book', '127.0.0.1', '内网IP', '{\"author\":\"但丁\",\"bookId\":97973897,\"bookName\":\"神曲\",\"bookType\":\"艺术\",\"bookshelfNumber\":\"10\",\"params\":{}}', '{\"msg\":\"操作成功\",\"code\":200}', 0, NULL, '2023-12-10 11:33:40', 134);
INSERT INTO `sys_oper_log` VALUES (241, '书籍', 2, 'com.ldb.project.server.controller.BookController.edit()', 'PUT', 1, 'admin', '研发部门', '/server/Book', '127.0.0.1', '内网IP', '{\"author\":\"普利氪金\",\"bookId\":81426958,\"bookName\":\"一小时二十二分\",\"bookPrice\":122,\"bookType\":\"军事\",\"bookshelfNumber\":\"5\",\"borrowedNumber\":0,\"collectionNumber\":122,\"inLibrariesNumber\":122,\"params\":{},\"publishingHouse\":\"铁锅炖大鹅株式会社dd\",\"summary\":\"大帝1小时22分速通Ukraine\"}', '{\"msg\":\"操作成功\",\"code\":200}', 0, NULL, '2023-12-10 11:33:55', 111);
INSERT INTO `sys_oper_log` VALUES (242, '书籍', 2, 'com.ldb.project.server.controller.BookController.edit()', 'PUT', 1, 'admin', '研发部门', '/server/Book', '127.0.0.1', '内网IP', '{\"author\":\"普利氪金\",\"bookId\":81426958,\"bookName\":\"一小时二十二分\",\"bookPrice\":122,\"bookType\":\"军事\",\"bookshelfNumber\":\"5\",\"borrowedNumber\":0,\"collectionNumber\":122,\"inLibrariesNumber\":122,\"params\":{},\"publishingHouse\":\"铁锅炖大鹅株式会社\",\"summary\":\"大帝1小时22分速通Ukraine\"}', '{\"msg\":\"操作成功\",\"code\":200}', 0, NULL, '2023-12-10 11:34:03', 154);
INSERT INTO `sys_oper_log` VALUES (243, '书籍', 2, 'com.ldb.project.server.controller.BookController.edit()', 'PUT', 1, 'admin', '研发部门', '/server/Book', '127.0.0.1', '内网IP', '{\"author\":\"但丁\",\"bookId\":97973897,\"bookName\":\"神曲\",\"bookPrice\":0.5,\"bookType\":\"艺术\",\"bookshelfNumber\":\"10\",\"borrowedNumber\":0,\"collectionNumber\":1,\"inLibrariesNumber\":1,\"params\":{},\"publishingHouse\":\"翡冷翠小卖部\",\"summary\":\"意大利文学经典\"}', '{\"msg\":\"操作成功\",\"code\":200}', 0, NULL, '2023-12-10 11:35:19', 126);
INSERT INTO `sys_oper_log` VALUES (244, '书籍', 1, 'com.ldb.project.server.controller.BookController.add()', 'POST', 1, 'admin', '研发部门', '/server/Book', '127.0.0.1', '内网IP', '{\"author\":\"星哥\",\"bookId\":11502419,\"bookName\":\"地理段一回忆录\",\"bookPrice\":114514,\"bookType\":\"地理\",\"bookshelfNumber\":\"11\",\"borrowedNumber\":666,\"collectionNumber\":666,\"inLibrariesNumber\":0,\"params\":{},\"publishingHouse\":\"连江一中食杂店\",\"summary\":\"本书记录了星哥在惨遭迫害后觉悟到的地理学习绝技\"}', '{\"msg\":\"操作成功\",\"code\":200}', 0, NULL, '2023-12-10 11:37:36', 161);
INSERT INTO `sys_oper_log` VALUES (245, '书籍', 1, 'com.ldb.project.server.controller.BookController.add()', 'POST', 1, 'admin', '研发部门', '/server/Book', '127.0.0.1', '内网IP', '{\"author\":\"保尔柯察金\",\"bookId\":16901555,\"bookName\":\"钢铁是怎样炼成的\",\"bookPrice\":1918,\"bookType\":\"工业技术\",\"bookshelfNumber\":\"18\",\"borrowedNumber\":3,\"collectionNumber\":6,\"inLibrariesNumber\":3,\"params\":{},\"publishingHouse\":\"乌克兰第一拖拉机厂\",\"summary\":\"柯察金同志的炼钢手册\"}', '{\"msg\":\"操作成功\",\"code\":200}', 0, NULL, '2023-12-10 11:39:18', 199);
INSERT INTO `sys_oper_log` VALUES (246, '书籍', 1, 'com.ldb.project.server.controller.BookController.add()', 'POST', 1, 'admin', '研发部门', '/server/Book', '127.0.0.1', '内网IP', '{\"author\":\"Lose\",\"bookId\":18133533,\"bookName\":\"爱上火车\",\"bookPrice\":128,\"bookType\":\"交通运输\",\"bookshelfNumber\":\"19\",\"borrowedNumber\":21,\"collectionNumber\":40,\"inLibrariesNumber\":19,\"params\":{},\"publishingHouse\":\"Lose\",\"summary\":\"Lose于2016年3月25日发售的视觉小说类型成人游戏\"}', '{\"msg\":\"操作成功\",\"code\":200}', 0, NULL, '2023-12-10 11:40:46', 182);
INSERT INTO `sys_oper_log` VALUES (247, '书籍', 1, 'com.ldb.project.server.controller.BookController.add()', 'POST', 1, 'admin', '研发部门', '/server/Book', '127.0.0.1', '内网IP', '{\"author\":\"坂本晃\",\"bookId\":18403906,\"bookName\":\"苍之彼方的四重奏\",\"bookPrice\":126,\"bookType\":\"航空、航天\",\"bookshelfNumber\":\"20\",\"borrowedNumber\":55,\"collectionNumber\":55,\"inLibrariesNumber\":0,\"params\":{},\"publishingHouse\":\"NekoNyan\",\"summary\":\"由sprite制作的电子游戏\"}', '{\"msg\":\"操作成功\",\"code\":200}', 0, NULL, '2023-12-10 11:43:01', 216);
INSERT INTO `sys_oper_log` VALUES (248, '书籍', 1, 'com.ldb.project.server.controller.BookController.add()', 'POST', 1, 'admin', '研发部门', '/server/Book', '127.0.0.1', '内网IP', '{\"author\":\"爱新觉罗弘历\",\"bookId\":27368007,\"bookName\":\"四库全书\",\"bookPrice\":19999,\"bookType\":\"综合性图书\",\"bookshelfNumber\":\"22\",\"borrowedNumber\":0,\"collectionNumber\":1,\"inLibrariesNumber\":1,\"params\":{},\"publishingHouse\":\"直隶尚书\",\"summary\":\"中国古代最大的丛书\"}', '{\"msg\":\"操作成功\",\"code\":200}', 0, NULL, '2023-12-10 11:45:01', 206);
INSERT INTO `sys_oper_log` VALUES (249, '书籍', 1, 'com.ldb.project.server.controller.BookController.add()', 'POST', 1, 'admin', '研发部门', '/server/Book', '127.0.0.1', '内网IP', '{\"author\":\"清水茜\",\"bookId\":14577533,\"bookName\":\"工作细胞\",\"bookPrice\":555,\"bookType\":\"医药、卫生\",\"bookshelfNumber\":\"16\",\"borrowedNumber\":25,\"collectionNumber\":55,\"inLibrariesNumber\":30,\"params\":{},\"publishingHouse\":\"讲谈社\",\"summary\":\"讲述经拟人化后人体内各种细胞于人体内的日常工作\"}', '{\"msg\":\"操作成功\",\"code\":200}', 0, NULL, '2023-12-10 11:46:22', 221);
INSERT INTO `sys_oper_log` VALUES (250, '书籍', 1, 'com.ldb.project.server.controller.BookController.add()', 'POST', 1, 'admin', '研发部门', '/server/Book', '127.0.0.1', '内网IP', '{\"author\":\"陈平\",\"bookId\":10402548,\"bookName\":\"陈平不等式\",\"bookPrice\":2000,\"bookType\":\"经济\",\"bookshelfNumber\":\"6\",\"borrowedNumber\":1,\"collectionNumber\":555,\"inLibrariesNumber\":554,\"params\":{},\"publishingHouse\":\"霹雳霹雳\",\"summary\":\"中国和美国的物价、消费、交通、生活等方面的差异\"}', '{\"msg\":\"操作成功\",\"code\":200}', 0, NULL, '2023-12-10 11:47:35', 124);
INSERT INTO `sys_oper_log` VALUES (251, '书籍', 1, 'com.ldb.project.server.controller.BookController.add()', 'POST', 1, 'admin', '研发部门', '/server/Book', '127.0.0.1', '内网IP', '{\"author\":\"普奇神父\",\"bookId\":11837795,\"bookName\":\"十四句密语\",\"bookPrice\":14,\"bookType\":\"哲学、宗教\",\"bookshelfNumber\":\"2\",\"borrowedNumber\":14,\"collectionNumber\":14,\"inLibrariesNumber\":0,\"params\":{},\"publishingHouse\":\"绿海豚小卖部\",\"summary\":\"DIO在替身【世界】上刻下的，与天堂计划有关\"}', '{\"msg\":\"操作成功\",\"code\":200}', 0, NULL, '2023-12-10 11:49:16', 116);
INSERT INTO `sys_oper_log` VALUES (252, '书籍', 1, 'com.ldb.project.server.controller.BookController.add()', 'POST', 1, 'admin', '研发部门', '/server/Book', '127.0.0.1', '内网IP', '{\"author\":\"孔夫子与马克思\",\"bookId\":42735509,\"bookName\":\"当马克思遇见孔夫子\",\"bookPrice\":114514,\"bookType\":\"马克思主义、列宁主义、毛泽东思想、邓小平理论\",\"bookshelfNumber\":\"1\",\"borrowedNumber\":1,\"collectionNumber\":44,\"inLibrariesNumber\":43,\"params\":{},\"publishingHouse\":\"CCTV\",\"summary\":\"马克思主义何以能够来到中国，并在中国大地扎根、发芽、开花和结果？\"}', NULL, 1, '\r\n### Error updating database.  Cause: com.mysql.cj.jdbc.exceptions.MysqlDataTruncation: Data truncation: Data too long for column \'book_type\' at row 1\r\n### The error may exist in file [D:\\Workshop\\Codes\\FIGHT\\LibraryDBMS\\target\\classes\\mybatis\\server\\BookMapper.xml]\r\n### The error may involve com.ldb.project.server.mapper.BookMapper.insertBook-Inline\r\n### The error occurred while setting parameters\r\n### SQL: insert into book          ( book_id,             book_name,             author,             book_type,             book_price,             publishing_house,             summary,             bookshelf_number,             collection_number,             borrowed_number,             in_libraries_number )           values ( ?,             ?,             ?,             ?,             ?,             ?,             ?,             ?,             ?,             ?,             ? )\r\n### Cause: com.mysql.cj.jdbc.exceptions.MysqlDataTruncation: Data truncation: Data too long for column \'book_type\' at row 1\n; Data truncation: Data too long for column \'book_type\' at row 1; nested exception is com.mysql.cj.jdbc.exceptions.MysqlDataTruncation: Data truncation: Data too long for column \'book_type\' at row 1', '2023-12-10 11:51:22', 144);
INSERT INTO `sys_oper_log` VALUES (253, '书籍', 1, 'com.ldb.project.server.controller.BookController.add()', 'POST', 1, 'admin', '研发部门', '/server/Book', '127.0.0.1', '内网IP', '{\"author\":\"孔夫子与马克思\",\"bookId\":37013258,\"bookName\":\"当马克思遇见孔夫子\",\"bookPrice\":114514,\"bookType\":\"马列毛邓\",\"bookshelfNumber\":\"1\",\"borrowedNumber\":1,\"collectionNumber\":44,\"inLibrariesNumber\":43,\"params\":{},\"publishingHouse\":\"CCTV\",\"summary\":\"马克思主义何以能够来到中国，并在中国大地扎根、发芽、开花和结果？\"}', '{\"msg\":\"操作成功\",\"code\":200}', 0, NULL, '2023-12-10 11:51:47', 80);
INSERT INTO `sys_oper_log` VALUES (254, '书籍', 1, 'com.ldb.project.server.controller.BookController.add()', 'POST', 1, 'admin', '研发部门', '/server/Book', '127.0.0.1', '内网IP', '{\"author\":\"鸟羽彻\",\"bookId\":12925024,\"bookName\":\"天才王子的赤字国家振兴术\",\"bookPrice\":0.5,\"bookType\":\"政治、法律\",\"bookshelfNumber\":\"4\",\"borrowedNumber\":5,\"collectionNumber\":5,\"inLibrariesNumber\":0,\"params\":{},\"publishingHouse\":\"SB Creative\",\"summary\":\"由鸟羽彻创作，由Falmaro绘制插画的日本轻小说\"}', '{\"msg\":\"操作成功\",\"code\":200}', 0, NULL, '2023-12-10 11:54:18', 120);
INSERT INTO `sys_oper_log` VALUES (255, '书籍', 1, 'com.ldb.project.server.controller.BookController.add()', 'POST', 1, 'admin', '研发部门', '/server/Book', '127.0.0.1', '内网IP', '{\"author\":\"SpadeK\",\"bookId\":13166119,\"bookName\":\"星概念英语\",\"bookPrice\":1919,\"bookType\":\"语言、文字\",\"bookshelfNumber\":\"8\",\"borrowedNumber\":8,\"collectionNumber\":8,\"inLibrariesNumber\":0,\"params\":{},\"publishingHouse\":\"睡眠促进委员会\",\"summary\":\"星概念英语是一本, ...前面忘了, 中间忘了, 后面忘了的书\"}', '{\"msg\":\"操作成功\",\"code\":200}', 0, NULL, '2023-12-10 11:55:49', 111);
INSERT INTO `sys_oper_log` VALUES (256, '书籍', 1, 'com.ldb.project.server.controller.BookController.add()', 'POST', 1, 'admin', '研发部门', '/server/Book', '127.0.0.1', '内网IP', '{\"author\":\"乔鲁诺Banana\",\"bookId\":10770503,\"bookName\":\"背叛者的镇魂曲\",\"bookPrice\":4444,\"bookType\":\"文化、科学、教育、体育\",\"bookshelfNumber\":\"7\",\"borrowedNumber\":5,\"collectionNumber\":5,\"inLibrariesNumber\":0,\"params\":{},\"publishingHouse\":\"大卫社\",\"summary\":\"黃金之風動畫的第二個OP\"}', NULL, 1, '\r\n### Error updating database.  Cause: com.mysql.cj.jdbc.exceptions.MysqlDataTruncation: Data truncation: Data too long for column \'book_type\' at row 1\r\n### The error may exist in file [D:\\Workshop\\Codes\\FIGHT\\LibraryDBMS\\target\\classes\\mybatis\\server\\BookMapper.xml]\r\n### The error may involve com.ldb.project.server.mapper.BookMapper.insertBook-Inline\r\n### The error occurred while setting parameters\r\n### SQL: insert into book          ( book_id,             book_name,             author,             book_type,             book_price,             publishing_house,             summary,             bookshelf_number,             collection_number,             borrowed_number,             in_libraries_number )           values ( ?,             ?,             ?,             ?,             ?,             ?,             ?,             ?,             ?,             ?,             ? )\r\n### Cause: com.mysql.cj.jdbc.exceptions.MysqlDataTruncation: Data truncation: Data too long for column \'book_type\' at row 1\n; Data truncation: Data too long for column \'book_type\' at row 1; nested exception is com.mysql.cj.jdbc.exceptions.MysqlDataTruncation: Data truncation: Data too long for column \'book_type\' at row 1', '2023-12-10 11:58:31', 107);
INSERT INTO `sys_oper_log` VALUES (257, '书籍', 1, 'com.ldb.project.server.controller.BookController.add()', 'POST', 1, 'admin', '研发部门', '/server/Book', '127.0.0.1', '内网IP', '{\"author\":\"乔鲁诺Banana\",\"bookId\":11381428,\"bookName\":\"背叛者的镇魂曲\",\"bookPrice\":4444,\"bookType\":\"文化科教\",\"bookshelfNumber\":\"7\",\"borrowedNumber\":5,\"collectionNumber\":5,\"inLibrariesNumber\":0,\"params\":{},\"publishingHouse\":\"大卫社\",\"summary\":\"黃金之風動畫的第二個OP\"}', '{\"msg\":\"操作成功\",\"code\":200}', 0, NULL, '2023-12-10 11:58:45', 76);
INSERT INTO `sys_oper_log` VALUES (258, '书籍', 1, 'com.ldb.project.server.controller.BookController.add()', 'POST', 1, 'admin', '研发部门', '/server/Book', '127.0.0.1', '内网IP', '{\"author\":\"乔治·奥威尔\",\"bookId\":51497511,\"bookName\":\"一九八四\",\"bookPrice\":43,\"bookType\":\"社会科学总论\",\"bookshelfNumber\":\"3\",\"borrowedNumber\":4,\"collectionNumber\":4,\"inLibrariesNumber\":0,\"params\":{},\"publishingHouse\":\"塞克尔和沃伯格\",\"summary\":\"《一九八四》是英国作家乔治·奥威尔所创作的一部反乌托邦小说\"}', '{\"msg\":\"操作成功\",\"code\":200}', 0, NULL, '2023-12-10 12:00:33', 125);
INSERT INTO `sys_oper_log` VALUES (259, '书籍', 1, 'com.ldb.project.server.controller.BookController.add()', 'POST', 1, 'admin', '研发部门', '/server/Book', '127.0.0.1', '内网IP', '{\"author\":\"PW\",\"bookId\":14776640,\"bookName\":\"带砖物理秒杀大招\",\"bookPrice\":55,\"bookType\":\"数理化学\",\"bookshelfNumber\":\"13\",\"borrowedNumber\":6,\"collectionNumber\":6,\"inLibrariesNumber\":0,\"params\":{},\"publishingHouse\":\"连江一中对面书店\",\"summary\":\"带砖物理秒杀大招是一本, 前面忘了, 中间忘了, 后面也忘了的好教材\"}', '{\"msg\":\"操作成功\",\"code\":200}', 0, NULL, '2023-12-10 12:02:17', 111);
INSERT INTO `sys_oper_log` VALUES (260, '书籍', 1, 'com.ldb.project.server.controller.BookController.add()', 'POST', 1, 'admin', '研发部门', '/server/Book', '127.0.0.1', '内网IP', '{\"author\":\"mirai \",\"bookId\":16737815,\"bookName\":\"宿星Girlfriend\",\"bookPrice\":143,\"bookType\":\"天文地球科学\",\"bookshelfNumber\":\"14\",\"borrowedNumber\":45,\"collectionNumber\":55,\"inLibrariesNumber\":10,\"params\":{},\"publishingHouse\":\"mirai \",\"summary\":\"由mirai制作发行的一款分割商法Galgame\"}', '{\"msg\":\"操作成功\",\"code\":200}', 0, NULL, '2023-12-10 12:05:32', 116);
INSERT INTO `sys_oper_log` VALUES (261, '书籍', 1, 'com.ldb.project.server.controller.BookController.add()', 'POST', 1, 'admin', '研发部门', '/server/Book', '127.0.0.1', '内网IP', '{\"author\":\"吉祥寺\",\"bookId\":57920440,\"bookName\":\"向日葵培育与养殖\",\"bookPrice\":3,\"bookType\":\"农业科学\",\"bookshelfNumber\":\"17\",\"borrowedNumber\":5,\"collectionNumber\":5,\"inLibrariesNumber\":0,\"params\":{},\"publishingHouse\":\"ωstar\",\"summary\":\"科学家神城龙之介跟其创造出来的两台机器人亚璃子和灯露椎所发生的故事\"}', '{\"msg\":\"操作成功\",\"code\":200}', 0, NULL, '2023-12-10 12:08:26', 109);
INSERT INTO `sys_oper_log` VALUES (262, '书籍', 1, 'com.ldb.project.server.controller.BookController.add()', 'POST', 1, 'admin', '研发部门', '/server/Book', '127.0.0.1', '内网IP', '{\"author\":\" 波尔布特\",\"bookId\":12172876,\"bookName\":\"去城市化实践手册\",\"bookPrice\":192.5,\"bookType\":\"环境安全科学\",\"bookshelfNumber\":\"21\",\"borrowedNumber\":55,\"collectionNumber\":55,\"inLibrariesNumber\":0,\"params\":{},\"publishingHouse\":\"柬埔寨中央发行社\",\"summary\":\"去城市化可以使得农民被迫转移到农村，从而增加粮食产量，解决柬埔寨的饥荒问题\"}', '{\"msg\":\"操作成功\",\"code\":200}', 0, NULL, '2023-12-10 12:10:49', 126);
INSERT INTO `sys_oper_log` VALUES (263, '书籍', 1, 'com.ldb.project.server.controller.BookController.add()', 'POST', 1, 'admin', '研发部门', '/server/Book', '127.0.0.1', '内网IP', '{\"author\":\"赵本山\",\"bookId\":15511704,\"bookName\":\"母猪的产后护理\",\"bookPrice\":54,\"bookType\":\"生物科学\",\"bookshelfNumber\":\"15\",\"borrowedNumber\":65,\"collectionNumber\":66,\"inLibrariesNumber\":1,\"params\":{},\"publishingHouse\":\"CCTV\",\"summary\":\"赵本山治疗范伟的第一个话题\"}', '{\"msg\":\"操作成功\",\"code\":200}', 0, NULL, '2023-12-10 12:12:16', 112);
INSERT INTO `sys_oper_log` VALUES (264, '书籍', 1, 'com.ldb.project.server.controller.BookController.add()', 'POST', 1, 'admin', '研发部门', '/server/Book', '127.0.0.1', '内网IP', '{\"author\":\"查尔斯-达尔文\",\"bookId\":15251933,\"bookName\":\"物种起源\",\"bookPrice\":1895,\"bookType\":\"自然科学总论\",\"bookshelfNumber\":\"12\",\"borrowedNumber\":5,\"collectionNumber\":5,\"inLibrariesNumber\":0,\"params\":{},\"publishingHouse\":\"诺亚方舟出版社\",\"summary\":\"解释了物种如何通过自然选择而产生\"}', '{\"msg\":\"操作成功\",\"code\":200}', 0, NULL, '2023-12-10 12:13:46', 111);
INSERT INTO `sys_oper_log` VALUES (265, '代码生成', 2, 'com.ldb.project.tool.gen.controller.GenController.editSave()', 'PUT', 1, 'admin', '研发部门', '/tool/gen', '127.0.0.1', '内网IP', '{\"businessName\":\"Book\",\"className\":\"Book\",\"columns\":[{\"capJavaField\":\"BookId\",\"columnComment\":\"序号\",\"columnId\":74,\"columnName\":\"book_id\",\"columnType\":\"int(11)\",\"createBy\":\"admin\",\"createTime\":\"2023-12-10 07:41:30\",\"dictType\":\"\",\"edit\":false,\"htmlType\":\"input\",\"increment\":false,\"insert\":true,\"isIncrement\":\"0\",\"isInsert\":\"1\",\"isPk\":\"1\",\"isRequired\":\"0\",\"javaField\":\"bookId\",\"javaType\":\"Long\",\"list\":false,\"params\":{},\"pk\":true,\"query\":false,\"queryType\":\"EQ\",\"required\":false,\"sort\":1,\"superColumn\":false,\"tableId\":14,\"updateBy\":\"\",\"updateTime\":\"2023-12-10 07:51:10\",\"usableColumn\":false},{\"capJavaField\":\"BookName\",\"columnComment\":\"名称\",\"columnId\":75,\"columnName\":\"book_name\",\"columnType\":\"varchar(20)\",\"createBy\":\"admin\",\"createTime\":\"2023-12-10 07:41:30\",\"dictType\":\"\",\"edit\":true,\"htmlType\":\"input\",\"increment\":false,\"insert\":true,\"isEdit\":\"1\",\"isIncrement\":\"0\",\"isInsert\":\"1\",\"isList\":\"1\",\"isPk\":\"0\",\"isQuery\":\"1\",\"isRequired\":\"1\",\"javaField\":\"bookName\",\"javaType\":\"String\",\"list\":true,\"params\":{},\"pk\":false,\"query\":true,\"queryType\":\"LIKE\",\"required\":true,\"sort\":2,\"superColumn\":false,\"tableId\":14,\"updateBy\":\"\",\"updateTime\":\"2023-12-10 07:51:11\",\"usableColumn\":false},{\"capJavaField\":\"Author\",\"columnComment\":\"作者\",\"columnId\":76,\"columnName\":\"author\",\"columnType\":\"varchar(10)\",\"createBy\":\"admin\",\"createTime\":\"2023-12-10 07:41:30\",\"dictType\":\"\",\"edit\":true,\"htmlType\":\"input\",\"increment\":false,\"insert\":true,\"isEdit\":\"1\",\"isIncrement\":\"0\",\"isInsert\":\"1\",\"isList\":\"1\",\"isPk\":\"0\",\"isQuery\":\"1\",\"isRequired\":\"1\",\"javaField\":\"author\",\"javaType\":\"String\",\"list\":true,\"params\":{},\"pk\":false,\"query\":true,\"queryType\":\"EQ\",\"required\":true,\"sort\":3,\"superColumn\":false,\"tableId\":14,\"updateBy\":\"\",\"updateTime\":\"2023-12-10 07:51:11\",\"usableColumn\":false},{\"capJavaField\":\"BookType\",\"columnComment\":\"类型\",\"columnId\":77,\"columnName\":\"book_type\",\"columnType\":\"varchar(10)\",\"createBy\":\"admin\",\"createTime\":\"2023-12-10 07:41:30\",\"dictType\":\"\",\"edit\":true,\"htmlType\":\"select\",\"increment\":false,\"insert\":true,\"isEdi', '{\"msg\":\"操作成功\",\"code\":200}', 0, NULL, '2023-12-10 12:26:24', 1545);
INSERT INTO `sys_oper_log` VALUES (266, '代码生成', 2, 'com.ldb.project.tool.gen.controller.GenController.editSave()', 'PUT', 1, 'admin', '研发部门', '/tool/gen', '127.0.0.1', '内网IP', '{\"businessName\":\"Book\",\"className\":\"Book\",\"columns\":[{\"capJavaField\":\"BookId\",\"columnComment\":\"序号\",\"columnId\":74,\"columnName\":\"book_id\",\"columnType\":\"int(11)\",\"createBy\":\"admin\",\"createTime\":\"2023-12-10 07:41:30\",\"dictType\":\"\",\"edit\":false,\"htmlType\":\"input\",\"increment\":false,\"insert\":true,\"isIncrement\":\"0\",\"isInsert\":\"1\",\"isPk\":\"1\",\"isRequired\":\"0\",\"javaField\":\"bookId\",\"javaType\":\"Long\",\"list\":false,\"params\":{},\"pk\":true,\"query\":false,\"queryType\":\"EQ\",\"required\":false,\"sort\":1,\"superColumn\":false,\"tableId\":14,\"updateBy\":\"\",\"updateTime\":\"2023-12-10 12:26:23\",\"usableColumn\":false},{\"capJavaField\":\"BookName\",\"columnComment\":\"名称\",\"columnId\":75,\"columnName\":\"book_name\",\"columnType\":\"varchar(20)\",\"createBy\":\"admin\",\"createTime\":\"2023-12-10 07:41:30\",\"dictType\":\"\",\"edit\":true,\"htmlType\":\"input\",\"increment\":false,\"insert\":true,\"isEdit\":\"1\",\"isIncrement\":\"0\",\"isInsert\":\"1\",\"isList\":\"1\",\"isPk\":\"0\",\"isQuery\":\"1\",\"isRequired\":\"1\",\"javaField\":\"bookName\",\"javaType\":\"String\",\"list\":true,\"params\":{},\"pk\":false,\"query\":true,\"queryType\":\"LIKE\",\"required\":true,\"sort\":2,\"superColumn\":false,\"tableId\":14,\"updateBy\":\"\",\"updateTime\":\"2023-12-10 12:26:23\",\"usableColumn\":false},{\"capJavaField\":\"Author\",\"columnComment\":\"作者\",\"columnId\":76,\"columnName\":\"author\",\"columnType\":\"varchar(10)\",\"createBy\":\"admin\",\"createTime\":\"2023-12-10 07:41:30\",\"dictType\":\"\",\"edit\":true,\"htmlType\":\"input\",\"increment\":false,\"insert\":true,\"isEdit\":\"1\",\"isIncrement\":\"0\",\"isInsert\":\"1\",\"isList\":\"1\",\"isPk\":\"0\",\"isQuery\":\"1\",\"isRequired\":\"1\",\"javaField\":\"author\",\"javaType\":\"String\",\"list\":true,\"params\":{},\"pk\":false,\"query\":true,\"queryType\":\"LIKE\",\"required\":true,\"sort\":3,\"superColumn\":false,\"tableId\":14,\"updateBy\":\"\",\"updateTime\":\"2023-12-10 12:26:23\",\"usableColumn\":false},{\"capJavaField\":\"BookType\",\"columnComment\":\"类型\",\"columnId\":77,\"columnName\":\"book_type\",\"columnType\":\"varchar(10)\",\"createBy\":\"admin\",\"createTime\":\"2023-12-10 07:41:30\",\"dictType\":\"\",\"edit\":true,\"htmlType\":\"select\",\"increment\":false,\"insert\":true,\"isE', '{\"msg\":\"操作成功\",\"code\":200}', 0, NULL, '2023-12-10 12:28:21', 1545);
INSERT INTO `sys_oper_log` VALUES (267, '代码生成', 8, 'com.ldb.project.tool.gen.controller.GenController.batchGenCode()', 'GET', 1, 'admin', '研发部门', '/tool/gen/batchGenCode', '127.0.0.1', '内网IP', '{\"tables\":\"book\"}', NULL, 0, NULL, '2023-12-10 12:28:25', 489);
INSERT INTO `sys_oper_log` VALUES (268, '菜单管理', 2, 'com.ldb.project.system.controller.SysMenuController.edit()', 'PUT', 1, 'admin', '研发部门', '/system/menu', '127.0.0.1', '内网IP', '{\"children\":[],\"component\":\"server/Book/index\",\"createTime\":\"2023-12-10 07:44:29\",\"icon\":\"education\",\"isCache\":\"0\",\"isFrame\":\"1\",\"menuId\":2031,\"menuName\":\"书籍\",\"menuType\":\"C\",\"orderNum\":1,\"params\":{},\"parentId\":1,\"path\":\"Book\",\"perms\":\"server:Book:list\",\"status\":\"0\",\"updateBy\":\"admin\",\"visible\":\"0\"}', '{\"msg\":\"操作成功\",\"code\":200}', 0, NULL, '2023-12-10 12:43:33', 127);
INSERT INTO `sys_oper_log` VALUES (269, '代码生成', 2, 'com.ldb.project.tool.gen.controller.GenController.editSave()', 'PUT', 1, 'admin', '研发部门', '/tool/gen', '127.0.0.1', '内网IP', '{\"businessName\":\"Book\",\"className\":\"Book\",\"columns\":[{\"capJavaField\":\"BookId\",\"columnComment\":\"序号\",\"columnId\":74,\"columnName\":\"book_id\",\"columnType\":\"int(11)\",\"createBy\":\"admin\",\"createTime\":\"2023-12-10 07:41:30\",\"dictType\":\"\",\"edit\":false,\"htmlType\":\"input\",\"increment\":false,\"insert\":true,\"isIncrement\":\"0\",\"isInsert\":\"1\",\"isPk\":\"1\",\"isRequired\":\"0\",\"javaField\":\"bookId\",\"javaType\":\"Long\",\"list\":false,\"params\":{},\"pk\":true,\"query\":false,\"queryType\":\"EQ\",\"required\":false,\"sort\":1,\"superColumn\":false,\"tableId\":14,\"updateBy\":\"\",\"updateTime\":\"2023-12-10 12:28:20\",\"usableColumn\":false},{\"capJavaField\":\"BookName\",\"columnComment\":\"名称\",\"columnId\":75,\"columnName\":\"book_name\",\"columnType\":\"varchar(20)\",\"createBy\":\"admin\",\"createTime\":\"2023-12-10 07:41:30\",\"dictType\":\"\",\"edit\":true,\"htmlType\":\"input\",\"increment\":false,\"insert\":true,\"isEdit\":\"1\",\"isIncrement\":\"0\",\"isInsert\":\"1\",\"isList\":\"1\",\"isPk\":\"0\",\"isQuery\":\"1\",\"isRequired\":\"1\",\"javaField\":\"bookName\",\"javaType\":\"String\",\"list\":true,\"params\":{},\"pk\":false,\"query\":true,\"queryType\":\"LIKE\",\"required\":true,\"sort\":2,\"superColumn\":false,\"tableId\":14,\"updateBy\":\"\",\"updateTime\":\"2023-12-10 12:28:20\",\"usableColumn\":false},{\"capJavaField\":\"Author\",\"columnComment\":\"作者\",\"columnId\":76,\"columnName\":\"author\",\"columnType\":\"varchar(10)\",\"createBy\":\"admin\",\"createTime\":\"2023-12-10 07:41:30\",\"dictType\":\"\",\"edit\":true,\"htmlType\":\"input\",\"increment\":false,\"insert\":true,\"isEdit\":\"1\",\"isIncrement\":\"0\",\"isInsert\":\"1\",\"isList\":\"1\",\"isPk\":\"0\",\"isQuery\":\"1\",\"isRequired\":\"1\",\"javaField\":\"author\",\"javaType\":\"String\",\"list\":true,\"params\":{},\"pk\":false,\"query\":true,\"queryType\":\"LIKE\",\"required\":true,\"sort\":3,\"superColumn\":false,\"tableId\":14,\"updateBy\":\"\",\"updateTime\":\"2023-12-10 12:28:20\",\"usableColumn\":false},{\"capJavaField\":\"BookType\",\"columnComment\":\"类型\",\"columnId\":77,\"columnName\":\"book_type\",\"columnType\":\"varchar(10)\",\"createBy\":\"admin\",\"createTime\":\"2023-12-10 07:41:30\",\"dictType\":\"\",\"edit\":true,\"htmlType\":\"select\",\"increment\":false,\"insert\":true,\"isE', '{\"msg\":\"操作成功\",\"code\":200}', 0, NULL, '2023-12-10 12:45:28', 2037);
INSERT INTO `sys_oper_log` VALUES (270, '代码生成', 8, 'com.ldb.project.tool.gen.controller.GenController.batchGenCode()', 'GET', 1, 'admin', '研发部门', '/tool/gen/batchGenCode', '127.0.0.1', '内网IP', '{\"tables\":\"book\"}', NULL, 0, NULL, '2023-12-10 12:45:31', 429);
INSERT INTO `sys_oper_log` VALUES (271, '代码生成', 2, 'com.ldb.project.tool.gen.controller.GenController.editSave()', 'PUT', 1, 'admin', '研发部门', '/tool/gen', '127.0.0.1', '内网IP', '{\"businessName\":\"Bookshelf\",\"className\":\"Bookshelf\",\"columns\":[{\"capJavaField\":\"BookshelfNumber\",\"columnComment\":\"书架序号\",\"columnId\":85,\"columnName\":\"bookshelf_number\",\"columnType\":\"varchar(20)\",\"createBy\":\"admin\",\"createTime\":\"2023-12-10 07:41:31\",\"dictType\":\"\",\"edit\":false,\"htmlType\":\"input\",\"increment\":false,\"insert\":true,\"isIncrement\":\"0\",\"isInsert\":\"1\",\"isPk\":\"1\",\"isRequired\":\"0\",\"javaField\":\"bookshelfNumber\",\"javaType\":\"String\",\"list\":false,\"params\":{},\"pk\":true,\"query\":false,\"queryType\":\"EQ\",\"required\":false,\"sort\":1,\"superColumn\":false,\"tableId\":15,\"updateBy\":\"\",\"usableColumn\":false},{\"capJavaField\":\"BookshelfType\",\"columnComment\":\"书架类型\",\"columnId\":86,\"columnName\":\"bookshelf_type\",\"columnType\":\"varchar(20)\",\"createBy\":\"admin\",\"createTime\":\"2023-12-10 07:41:31\",\"dictType\":\"\",\"edit\":true,\"htmlType\":\"input\",\"increment\":false,\"insert\":true,\"isEdit\":\"1\",\"isIncrement\":\"0\",\"isInsert\":\"1\",\"isList\":\"1\",\"isPk\":\"0\",\"isQuery\":\"1\",\"isRequired\":\"0\",\"javaField\":\"bookshelfType\",\"javaType\":\"String\",\"list\":true,\"params\":{},\"pk\":false,\"query\":true,\"queryType\":\"LIKE\",\"required\":false,\"sort\":2,\"superColumn\":false,\"tableId\":15,\"updateBy\":\"\",\"usableColumn\":false}],\"crud\":true,\"functionAuthor\":\"SpadeKTLSG\",\"functionName\":\"书架\",\"genPath\":\"/\",\"genType\":\"0\",\"moduleName\":\"server\",\"options\":\"{\\\"parentMenuId\\\":1}\",\"packageName\":\"com.ldb.project.server\",\"params\":{\"parentMenuId\":1},\"parentMenuId\":\"1\",\"sub\":false,\"tableComment\":\"书架\",\"tableId\":15,\"tableName\":\"bookshelf\",\"tplCategory\":\"crud\",\"tplWebType\":\"element-plus\",\"tree\":false}', '{\"msg\":\"操作成功\",\"code\":200}', 0, NULL, '2023-12-10 12:47:12', 389);
INSERT INTO `sys_oper_log` VALUES (272, '代码生成', 8, 'com.ldb.project.tool.gen.controller.GenController.batchGenCode()', 'GET', 1, 'admin', '研发部门', '/tool/gen/batchGenCode', '127.0.0.1', '内网IP', '{\"tables\":\"bookshelf\"}', NULL, 0, NULL, '2023-12-10 12:47:14', 151);
INSERT INTO `sys_oper_log` VALUES (273, '书架', 1, 'com.ldb.project.server.controller.BookshelfController.add()', 'POST', 1, 'admin', '研发部门', '/server/Bookshelf', '127.0.0.1', '内网IP', '{\"bookshelfType\":\"啊\",\"params\":{}}', NULL, 1, '\r\n### Error updating database.  Cause: java.sql.SQLException: Field \'bookshelf_number\' doesn\'t have a default value\r\n### The error may exist in file [D:\\Workshop\\Codes\\FIGHT\\LibraryDBMS\\target\\classes\\mybatis\\server\\BookshelfMapper.xml]\r\n### The error may involve com.ldb.project.server.mapper.BookshelfMapper.insertBookshelf-Inline\r\n### The error occurred while setting parameters\r\n### SQL: insert into bookshelf          ( bookshelf_type )           values ( ? )\r\n### Cause: java.sql.SQLException: Field \'bookshelf_number\' doesn\'t have a default value\n; Field \'bookshelf_number\' doesn\'t have a default value; nested exception is java.sql.SQLException: Field \'bookshelf_number\' doesn\'t have a default value', '2023-12-10 12:49:28', 108);
INSERT INTO `sys_oper_log` VALUES (274, '菜单管理', 2, 'com.ldb.project.system.controller.SysMenuController.edit()', 'PUT', 1, 'admin', '研发部门', '/system/menu', '127.0.0.1', '内网IP', '{\"children\":[],\"component\":\"server/Bookshelf/index\",\"createTime\":\"2023-12-10 12:48:45\",\"icon\":\"tree-table\",\"isCache\":\"0\",\"isFrame\":\"1\",\"menuId\":2037,\"menuName\":\"书架\",\"menuType\":\"C\",\"orderNum\":1,\"params\":{},\"parentId\":1,\"path\":\"Bookshelf\",\"perms\":\"server:Bookshelf:list\",\"status\":\"0\",\"updateBy\":\"admin\",\"visible\":\"0\"}', '{\"msg\":\"操作成功\",\"code\":200}', 0, NULL, '2023-12-10 13:26:22', 179);
INSERT INTO `sys_oper_log` VALUES (275, '代码生成', 2, 'com.ldb.project.tool.gen.controller.GenController.editSave()', 'PUT', 1, 'admin', '研发部门', '/tool/gen', '127.0.0.1', '内网IP', '{\"businessName\":\"Borrow\",\"className\":\"Borrow\",\"columns\":[{\"capJavaField\":\"CardNumber\",\"columnComment\":\"人卡号\",\"columnId\":87,\"columnName\":\"card_number\",\"columnType\":\"bigint(20)\",\"createBy\":\"admin\",\"createTime\":\"2023-12-10 07:41:31\",\"dictType\":\"\",\"edit\":false,\"htmlType\":\"input\",\"increment\":false,\"insert\":true,\"isIncrement\":\"0\",\"isInsert\":\"1\",\"isPk\":\"1\",\"isRequired\":\"0\",\"javaField\":\"cardNumber\",\"javaType\":\"Long\",\"list\":false,\"params\":{},\"pk\":true,\"query\":false,\"queryType\":\"EQ\",\"required\":false,\"sort\":1,\"superColumn\":false,\"tableId\":16,\"updateBy\":\"\",\"usableColumn\":false},{\"capJavaField\":\"BookNumber\",\"columnComment\":\"书序号\",\"columnId\":88,\"columnName\":\"book_number\",\"columnType\":\"bigint(20)\",\"createBy\":\"admin\",\"createTime\":\"2023-12-10 07:41:31\",\"dictType\":\"\",\"edit\":false,\"htmlType\":\"input\",\"increment\":false,\"insert\":true,\"isIncrement\":\"0\",\"isInsert\":\"1\",\"isPk\":\"1\",\"isRequired\":\"0\",\"javaField\":\"bookNumber\",\"javaType\":\"Long\",\"list\":false,\"params\":{},\"pk\":true,\"query\":false,\"queryType\":\"EQ\",\"required\":false,\"sort\":2,\"superColumn\":false,\"tableId\":16,\"updateBy\":\"\",\"usableColumn\":false},{\"capJavaField\":\"BookBorrowTime\",\"columnComment\":\"借出时间\",\"columnId\":89,\"columnName\":\"book_borrow_time\",\"columnType\":\"datetime\",\"createBy\":\"admin\",\"createTime\":\"2023-12-10 07:41:31\",\"dictType\":\"\",\"edit\":true,\"htmlType\":\"datetime\",\"increment\":false,\"insert\":true,\"isEdit\":\"1\",\"isIncrement\":\"0\",\"isInsert\":\"1\",\"isList\":\"1\",\"isPk\":\"0\",\"isQuery\":\"1\",\"isRequired\":\"1\",\"javaField\":\"bookBorrowTime\",\"javaType\":\"Date\",\"list\":true,\"params\":{},\"pk\":false,\"query\":true,\"queryType\":\"EQ\",\"required\":true,\"sort\":3,\"superColumn\":false,\"tableId\":16,\"updateBy\":\"\",\"usableColumn\":false},{\"capJavaField\":\"BookReturnTime\",\"columnComment\":\"归还时间\",\"columnId\":90,\"columnName\":\"book_return_time\",\"columnType\":\"datetime\",\"createBy\":\"admin\",\"createTime\":\"2023-12-10 07:41:31\",\"dictType\":\"\",\"edit\":true,\"htmlType\":\"datetime\",\"increment\":false,\"insert\":true,\"isEdit\":\"1\",\"isIncrement\":\"0\",\"isInsert\":\"1\",\"isList\":\"1\",\"isPk\":\"0\",\"isQuery\":\"1\",\"i', '{\"msg\":\"操作成功\",\"code\":200}', 0, NULL, '2023-12-10 13:55:34', 950);
INSERT INTO `sys_oper_log` VALUES (276, '代码生成', 8, 'com.ldb.project.tool.gen.controller.GenController.batchGenCode()', 'GET', 1, 'admin', '研发部门', '/tool/gen/batchGenCode', '127.0.0.1', '内网IP', '{\"tables\":\"borrow\"}', NULL, 0, NULL, '2023-12-10 13:55:37', 411);
INSERT INTO `sys_oper_log` VALUES (277, '代码生成', 2, 'com.ldb.project.tool.gen.controller.GenController.editSave()', 'PUT', 1, 'admin', '研发部门', '/tool/gen', '127.0.0.1', '内网IP', '{\"businessName\":\"Borrow\",\"className\":\"Borrow\",\"columns\":[{\"capJavaField\":\"CardNumber\",\"columnComment\":\"人卡号\",\"columnId\":87,\"columnName\":\"card_number\",\"columnType\":\"bigint(20)\",\"createBy\":\"admin\",\"createTime\":\"2023-12-10 07:41:31\",\"dictType\":\"\",\"edit\":false,\"htmlType\":\"input\",\"increment\":false,\"insert\":true,\"isIncrement\":\"0\",\"isInsert\":\"1\",\"isPk\":\"1\",\"isRequired\":\"0\",\"javaField\":\"cardNumber\",\"javaType\":\"Long\",\"list\":false,\"params\":{},\"pk\":true,\"query\":false,\"queryType\":\"EQ\",\"required\":false,\"sort\":1,\"superColumn\":false,\"tableId\":16,\"updateBy\":\"\",\"updateTime\":\"2023-12-10 13:55:33\",\"usableColumn\":false},{\"capJavaField\":\"BookNumber\",\"columnComment\":\"书序号\",\"columnId\":88,\"columnName\":\"book_number\",\"columnType\":\"bigint(20)\",\"createBy\":\"admin\",\"createTime\":\"2023-12-10 07:41:31\",\"dictType\":\"\",\"edit\":false,\"htmlType\":\"input\",\"increment\":false,\"insert\":true,\"isIncrement\":\"0\",\"isInsert\":\"1\",\"isPk\":\"1\",\"isRequired\":\"0\",\"javaField\":\"bookNumber\",\"javaType\":\"Long\",\"list\":false,\"params\":{},\"pk\":true,\"query\":false,\"queryType\":\"EQ\",\"required\":false,\"sort\":2,\"superColumn\":false,\"tableId\":16,\"updateBy\":\"\",\"updateTime\":\"2023-12-10 13:55:33\",\"usableColumn\":false},{\"capJavaField\":\"BookBorrowTime\",\"columnComment\":\"借出时间\",\"columnId\":89,\"columnName\":\"book_borrow_time\",\"columnType\":\"datetime\",\"createBy\":\"admin\",\"createTime\":\"2023-12-10 07:41:31\",\"dictType\":\"\",\"edit\":true,\"htmlType\":\"datetime\",\"increment\":false,\"insert\":true,\"isEdit\":\"1\",\"isIncrement\":\"0\",\"isInsert\":\"1\",\"isList\":\"1\",\"isPk\":\"0\",\"isQuery\":\"1\",\"isRequired\":\"0\",\"javaField\":\"bookBorrowTime\",\"javaType\":\"Date\",\"list\":true,\"params\":{},\"pk\":false,\"query\":true,\"queryType\":\"EQ\",\"required\":false,\"sort\":3,\"superColumn\":false,\"tableId\":16,\"updateBy\":\"\",\"updateTime\":\"2023-12-10 13:55:33\",\"usableColumn\":false},{\"capJavaField\":\"BookReturnTime\",\"columnComment\":\"归还时间\",\"columnId\":90,\"columnName\":\"book_return_time\",\"columnType\":\"datetime\",\"createBy\":\"admin\",\"createTime\":\"2023-12-10 07:41:31\",\"dictType\":\"\",\"edit\":true,\"htmlType\":\"datetime\",\"increment\":', '{\"msg\":\"操作成功\",\"code\":200}', 0, NULL, '2023-12-10 14:00:40', 1703);
INSERT INTO `sys_oper_log` VALUES (278, '代码生成', 8, 'com.ldb.project.tool.gen.controller.GenController.batchGenCode()', 'GET', 1, 'admin', '研发部门', '/tool/gen/batchGenCode', '127.0.0.1', '内网IP', '{\"tables\":\"borrow\"}', NULL, 0, NULL, '2023-12-10 14:00:48', 110);
INSERT INTO `sys_oper_log` VALUES (279, '借阅', 1, 'com.ldb.project.server.controller.BorrowController.add()', 'POST', 1, 'admin', '研发部门', '/server/Borrow', '127.0.0.1', '内网IP', '{\"bookBorrowTime\":\"2023-12-05\",\"bookReturnTime\":\"2023-12-27\",\"params\":{}}', NULL, 1, '\r\n### Error updating database.  Cause: java.sql.SQLException: Field \'card_number\' doesn\'t have a default value\r\n### The error may exist in file [D:\\Workshop\\Codes\\FIGHT\\LibraryDBMS\\target\\classes\\mybatis\\server\\BorrowMapper.xml]\r\n### The error may involve com.ldb.project.server.mapper.BorrowMapper.insertBorrow-Inline\r\n### The error occurred while setting parameters\r\n### SQL: insert into borrow          ( book_borrow_time,             book_return_time )           values ( ?,             ? )\r\n### Cause: java.sql.SQLException: Field \'card_number\' doesn\'t have a default value\n; Field \'card_number\' doesn\'t have a default value; nested exception is java.sql.SQLException: Field \'card_number\' doesn\'t have a default value', '2023-12-10 14:02:21', 202);
INSERT INTO `sys_oper_log` VALUES (280, '借阅', 1, 'com.ldb.project.server.controller.BorrowController.add()', 'POST', 1, 'admin', '研发部门', '/server/Borrow', '127.0.0.1', '内网IP', '{\"bookBorrowTime\":\"2023-12-05\",\"bookReturnTime\":\"2023-12-27\",\"isReturn\":1,\"params\":{}}', NULL, 1, '\r\n### Error updating database.  Cause: java.sql.SQLException: Field \'card_number\' doesn\'t have a default value\r\n### The error may exist in file [D:\\Workshop\\Codes\\FIGHT\\LibraryDBMS\\target\\classes\\mybatis\\server\\BorrowMapper.xml]\r\n### The error may involve com.ldb.project.server.mapper.BorrowMapper.insertBorrow-Inline\r\n### The error occurred while setting parameters\r\n### SQL: insert into borrow          ( book_borrow_time,             book_return_time,             is_return )           values ( ?,             ?,             ? )\r\n### Cause: java.sql.SQLException: Field \'card_number\' doesn\'t have a default value\n; Field \'card_number\' doesn\'t have a default value; nested exception is java.sql.SQLException: Field \'card_number\' doesn\'t have a default value', '2023-12-10 14:02:22', 116);
INSERT INTO `sys_oper_log` VALUES (281, '菜单管理', 2, 'com.ldb.project.system.controller.SysMenuController.edit()', 'PUT', 1, 'admin', '研发部门', '/system/menu', '127.0.0.1', '内网IP', '{\"children\":[],\"component\":\"server/Borrow/index\",\"createTime\":\"2023-12-10 13:56:20\",\"icon\":\"logininfor\",\"isCache\":\"0\",\"isFrame\":\"1\",\"menuId\":2043,\"menuName\":\"借阅\",\"menuType\":\"C\",\"orderNum\":1,\"params\":{},\"parentId\":1,\"path\":\"Borrow\",\"perms\":\"server:Borrow:list\",\"status\":\"0\",\"updateBy\":\"admin\",\"visible\":\"0\"}', '{\"msg\":\"操作成功\",\"code\":200}', 0, NULL, '2023-12-10 14:06:02', 180);
INSERT INTO `sys_oper_log` VALUES (282, '代码生成', 2, 'com.ldb.project.tool.gen.controller.GenController.editSave()', 'PUT', 1, 'admin', '研发部门', '/tool/gen', '127.0.0.1', '内网IP', '{\"businessName\":\"Reader\",\"className\":\"Reader\",\"columns\":[{\"capJavaField\":\"CardNumber\",\"columnComment\":\"卡号\",\"columnId\":92,\"columnName\":\"card_number\",\"columnType\":\"bigint(20)\",\"createBy\":\"admin\",\"createTime\":\"2023-12-10 07:41:38\",\"dictType\":\"\",\"edit\":false,\"htmlType\":\"input\",\"increment\":false,\"insert\":true,\"isIncrement\":\"0\",\"isInsert\":\"1\",\"isPk\":\"1\",\"isRequired\":\"0\",\"javaField\":\"cardNumber\",\"javaType\":\"Long\",\"list\":false,\"params\":{},\"pk\":true,\"query\":false,\"queryType\":\"EQ\",\"required\":false,\"sort\":1,\"superColumn\":false,\"tableId\":17,\"updateBy\":\"\",\"usableColumn\":false},{\"capJavaField\":\"ReaderName\",\"columnComment\":\"读者姓名\",\"columnId\":93,\"columnName\":\"reader_name\",\"columnType\":\"varchar(20)\",\"createBy\":\"admin\",\"createTime\":\"2023-12-10 07:41:38\",\"dictType\":\"\",\"edit\":true,\"htmlType\":\"input\",\"increment\":false,\"insert\":true,\"isEdit\":\"1\",\"isIncrement\":\"0\",\"isInsert\":\"1\",\"isList\":\"1\",\"isPk\":\"0\",\"isQuery\":\"1\",\"isRequired\":\"1\",\"javaField\":\"readerName\",\"javaType\":\"String\",\"list\":true,\"params\":{},\"pk\":false,\"query\":true,\"queryType\":\"LIKE\",\"required\":true,\"sort\":2,\"superColumn\":false,\"tableId\":17,\"updateBy\":\"\",\"usableColumn\":false},{\"capJavaField\":\"ReaderType\",\"columnComment\":\"读者类型\",\"columnId\":94,\"columnName\":\"reader_type\",\"columnType\":\"varchar(255)\",\"createBy\":\"admin\",\"createTime\":\"2023-12-10 07:41:38\",\"dictType\":\"\",\"edit\":true,\"htmlType\":\"input\",\"increment\":false,\"insert\":true,\"isEdit\":\"1\",\"isIncrement\":\"0\",\"isInsert\":\"1\",\"isList\":\"1\",\"isPk\":\"0\",\"isQuery\":\"1\",\"isRequired\":\"1\",\"javaField\":\"readerType\",\"javaType\":\"String\",\"list\":true,\"params\":{},\"pk\":false,\"query\":true,\"queryType\":\"EQ\",\"required\":true,\"sort\":3,\"superColumn\":false,\"tableId\":17,\"updateBy\":\"\",\"usableColumn\":false},{\"capJavaField\":\"Sex\",\"columnComment\":\"性别\",\"columnId\":95,\"columnName\":\"sex\",\"columnType\":\"varchar(2)\",\"createBy\":\"admin\",\"createTime\":\"2023-12-10 07:41:38\",\"dictType\":\"\",\"edit\":true,\"htmlType\":\"input\",\"increment\":false,\"insert\":true,\"isEdit\":\"1\",\"isIncrement\":\"0\",\"isInsert\":\"1\",\"isList\":\"1\",\"isPk\":\"0\",\"isQuery\":\"', '{\"msg\":\"操作成功\",\"code\":200}', 0, NULL, '2023-12-11 01:22:22', 373);
INSERT INTO `sys_oper_log` VALUES (283, '代码生成', 8, 'com.ldb.project.tool.gen.controller.GenController.batchGenCode()', 'GET', 1, 'admin', '研发部门', '/tool/gen/batchGenCode', '127.0.0.1', '内网IP', '{\"tables\":\"reader\"}', NULL, 0, NULL, '2023-12-11 01:22:26', 443);
INSERT INTO `sys_oper_log` VALUES (284, '菜单管理', 2, 'com.ldb.project.system.controller.SysMenuController.edit()', 'PUT', 1, 'admin', '研发部门', '/system/menu', '127.0.0.1', '内网IP', '{\"children\":[],\"component\":\"server/Bookshelf/index\",\"createTime\":\"2023-12-10 12:48:45\",\"icon\":\"tree-table\",\"isCache\":\"0\",\"isFrame\":\"1\",\"menuId\":2037,\"menuName\":\"书架\",\"menuType\":\"C\",\"orderNum\":2,\"params\":{},\"parentId\":1,\"path\":\"Bookshelf\",\"perms\":\"server:Bookshelf:list\",\"status\":\"0\",\"updateBy\":\"admin\",\"visible\":\"0\"}', '{\"msg\":\"操作成功\",\"code\":200}', 0, NULL, '2023-12-11 01:28:29', 65);
INSERT INTO `sys_oper_log` VALUES (285, '菜单管理', 2, 'com.ldb.project.system.controller.SysMenuController.edit()', 'PUT', 1, 'admin', '研发部门', '/system/menu', '127.0.0.1', '内网IP', '{\"children\":[],\"component\":\"server/Borrow/index\",\"createTime\":\"2023-12-10 13:56:20\",\"icon\":\"logininfor\",\"isCache\":\"0\",\"isFrame\":\"1\",\"menuId\":2043,\"menuName\":\"借阅\",\"menuType\":\"C\",\"orderNum\":3,\"params\":{},\"parentId\":1,\"path\":\"Borrow\",\"perms\":\"server:Borrow:list\",\"status\":\"0\",\"updateBy\":\"admin\",\"visible\":\"0\"}', '{\"msg\":\"操作成功\",\"code\":200}', 0, NULL, '2023-12-11 01:28:34', 55);
INSERT INTO `sys_oper_log` VALUES (286, '菜单管理', 3, 'com.ldb.project.system.controller.SysMenuController.remove()', 'DELETE', 1, 'admin', '研发部门', '/system/menu/2060', '127.0.0.1', '内网IP', '{}', '{\"msg\":\"操作成功\",\"code\":200}', 0, NULL, '2023-12-11 01:29:02', 122);
INSERT INTO `sys_oper_log` VALUES (287, '菜单管理', 3, 'com.ldb.project.system.controller.SysMenuController.remove()', 'DELETE', 1, 'admin', '研发部门', '/system/menu/2059', '127.0.0.1', '内网IP', '{}', '{\"msg\":\"操作成功\",\"code\":200}', 0, NULL, '2023-12-11 01:29:04', 84);
INSERT INTO `sys_oper_log` VALUES (288, '菜单管理', 3, 'com.ldb.project.system.controller.SysMenuController.remove()', 'DELETE', 1, 'admin', '研发部门', '/system/menu/2056', '127.0.0.1', '内网IP', '{}', '{\"msg\":\"操作成功\",\"code\":200}', 0, NULL, '2023-12-11 01:29:07', 79);
INSERT INTO `sys_oper_log` VALUES (289, '菜单管理', 3, 'com.ldb.project.system.controller.SysMenuController.remove()', 'DELETE', 1, 'admin', '研发部门', '/system/menu/2057', '127.0.0.1', '内网IP', '{}', '{\"msg\":\"操作成功\",\"code\":200}', 0, NULL, '2023-12-11 01:29:09', 74);
INSERT INTO `sys_oper_log` VALUES (290, '菜单管理', 3, 'com.ldb.project.system.controller.SysMenuController.remove()', 'DELETE', 1, 'admin', '研发部门', '/system/menu/2058', '127.0.0.1', '内网IP', '{}', '{\"msg\":\"操作成功\",\"code\":200}', 0, NULL, '2023-12-11 01:29:11', 76);
INSERT INTO `sys_oper_log` VALUES (291, '菜单管理', 3, 'com.ldb.project.system.controller.SysMenuController.remove()', 'DELETE', 1, 'admin', '研发部门', '/system/menu/2055', '127.0.0.1', '内网IP', '{}', '{\"msg\":\"操作成功\",\"code\":200}', 0, NULL, '2023-12-11 01:29:13', 72);
INSERT INTO `sys_oper_log` VALUES (292, '菜单管理', 2, 'com.ldb.project.system.controller.SysMenuController.edit()', 'PUT', 1, 'admin', '研发部门', '/system/menu', '127.0.0.1', '内网IP', '{\"children\":[],\"component\":\"server/Reader/index\",\"createTime\":\"2023-12-11 01:23:36\",\"icon\":\"#\",\"isCache\":\"0\",\"isFrame\":\"1\",\"menuId\":2049,\"menuName\":\"读者\",\"menuType\":\"C\",\"orderNum\":4,\"params\":{},\"parentId\":1,\"path\":\"Reader\",\"perms\":\"server:Reader:list\",\"status\":\"0\",\"updateBy\":\"admin\",\"visible\":\"0\"}', '{\"msg\":\"操作成功\",\"code\":200}', 0, NULL, '2023-12-11 01:29:24', 40);
INSERT INTO `sys_oper_log` VALUES (293, '读者', 2, 'com.ldb.project.server.controller.ReaderController.edit()', 'PUT', 1, 'admin', '研发部门', '/server/Reader', '127.0.0.1', '内网IP', '{\"borrowedNumber\":2,\"borrowingNumber\":1,\"cardNumber\":11451455,\"params\":{},\"readerName\":\"SK\",\"readerType\":\"白金会员\",\"sex\":\"1\"}', '{\"msg\":\"操作成功\",\"code\":200}', 0, NULL, '2023-12-11 01:53:29', 45);
INSERT INTO `sys_oper_log` VALUES (294, '读者', 2, 'com.ldb.project.server.controller.ReaderController.edit()', 'PUT', 1, 'admin', '研发部门', '/server/Reader', '127.0.0.1', '内网IP', '{\"borrowedNumber\":1,\"borrowingNumber\":1,\"cardNumber\":11451455,\"params\":{},\"readerName\":\"SK\",\"readerType\":\"白金会员\",\"sex\":\"1\"}', '{\"msg\":\"操作成功\",\"code\":200}', 0, NULL, '2023-12-11 01:53:32', 34);
INSERT INTO `sys_oper_log` VALUES (295, '读者', 2, 'com.ldb.project.server.controller.ReaderController.edit()', 'PUT', 1, 'admin', '研发部门', '/server/Reader', '127.0.0.1', '内网IP', '{\"borrowedNumber\":55,\"borrowingNumber\":0,\"cardNumber\":11451455,\"params\":{},\"readerName\":\"SK\",\"readerType\":\"白金会员\",\"sex\":\"1\"}', '{\"msg\":\"操作成功\",\"code\":200}', 0, NULL, '2023-12-11 01:53:37', 43);
INSERT INTO `sys_oper_log` VALUES (296, '读者', 1, 'com.ldb.project.server.controller.ReaderController.add()', 'POST', 1, 'admin', '研发部门', '/server/Reader', '127.0.0.1', '内网IP', '{\"borrowedNumber\":1,\"borrowingNumber\":1,\"cardNumber\":15474730,\"params\":{},\"readerName\":\"大一新生\",\"readerType\":\"青铜会员\",\"sex\":\"0\"}', '{\"msg\":\"操作成功\",\"code\":200}', 0, NULL, '2023-12-11 01:54:43', 71);
INSERT INTO `sys_oper_log` VALUES (297, '读者', 2, 'com.ldb.project.server.controller.ReaderController.edit()', 'PUT', 1, 'admin', '研发部门', '/server/Reader', '127.0.0.1', '内网IP', '{\"borrowedNumber\":55,\"borrowingNumber\":0,\"cardNumber\":11111111,\"params\":{},\"readerName\":\"玄桃K\",\"readerType\":\"星耀\",\"sex\":\"1\"}', '{\"msg\":\"操作成功\",\"code\":200}', 0, NULL, '2023-12-11 01:56:13', 35);
INSERT INTO `sys_oper_log` VALUES (298, '读者', 2, 'com.ldb.project.server.controller.ReaderController.edit()', 'PUT', 1, 'admin', '研发部门', '/server/Reader', '127.0.0.1', '内网IP', '{\"borrowedNumber\":55,\"borrowingNumber\":0,\"cardNumber\":11111111,\"params\":{},\"readerName\":\"玄桃K\",\"readerType\":\"星耀会员\",\"sex\":\"1\"}', '{\"msg\":\"操作成功\",\"code\":200}', 0, NULL, '2023-12-11 01:56:19', 76);
INSERT INTO `sys_oper_log` VALUES (299, '读者', 2, 'com.ldb.project.server.controller.ReaderController.edit()', 'PUT', 1, 'admin', '研发部门', '/server/Reader', '127.0.0.1', '内网IP', '{\"borrowedNumber\":5570,\"borrowingNumber\":556,\"cardNumber\":11111111,\"params\":{},\"readerName\":\"玄桃K\",\"readerType\":\"星耀会员\",\"sex\":\"1\"}', '{\"msg\":\"操作成功\",\"code\":200}', 0, NULL, '2023-12-11 01:56:47', 34);
INSERT INTO `sys_oper_log` VALUES (300, '读者', 1, 'com.ldb.project.server.controller.ReaderController.add()', 'POST', 1, 'admin', '研发部门', '/server/Reader', '127.0.0.1', '内网IP', '{\"borrowedNumber\":15,\"borrowingNumber\":6,\"cardNumber\":10964443,\"params\":{},\"readerName\":\"大二菜狗\",\"readerType\":\"白银会员\",\"sex\":\"1\"}', '{\"msg\":\"操作成功\",\"code\":200}', 0, NULL, '2023-12-11 01:57:39', 33);
INSERT INTO `sys_oper_log` VALUES (301, '读者', 1, 'com.ldb.project.server.controller.ReaderController.add()', 'POST', 1, 'admin', '研发部门', '/server/Reader', '127.0.0.1', '内网IP', '{\"borrowedNumber\":120,\"borrowingNumber\":45,\"cardNumber\":12389865,\"params\":{},\"readerName\":\"大三油条\",\"readerType\":\"黄金\",\"sex\":\"1\"}', '{\"msg\":\"操作成功\",\"code\":200}', 0, NULL, '2023-12-11 01:58:10', 32);
INSERT INTO `sys_oper_log` VALUES (302, '读者', 1, 'com.ldb.project.server.controller.ReaderController.add()', 'POST', 1, 'admin', '研发部门', '/server/Reader', '127.0.0.1', '内网IP', '{\"borrowedNumber\":900,\"borrowingNumber\":88,\"cardNumber\":13127048,\"params\":{},\"readerName\":\"大四牛马\",\"readerType\":\"铂金\",\"sex\":\"0\"}', '{\"msg\":\"操作成功\",\"code\":200}', 0, NULL, '2023-12-11 01:58:41', 32);
INSERT INTO `sys_oper_log` VALUES (303, '读者', 1, 'com.ldb.project.server.controller.ReaderController.add()', 'POST', 1, 'admin', '研发部门', '/server/Reader', '127.0.0.1', '内网IP', '{\"borrowedNumber\":9999,\"borrowingNumber\":0,\"cardNumber\":17425303,\"params\":{},\"readerName\":\"大五浪人\",\"readerType\":\"钻石会员\",\"sex\":\"1\"}', '{\"msg\":\"操作成功\",\"code\":200}', 0, NULL, '2023-12-11 01:59:57', 50);
INSERT INTO `sys_oper_log` VALUES (304, '读者', 1, 'com.ldb.project.server.controller.ReaderController.add()', 'POST', 1, 'admin', '研发部门', '/server/Reader', '127.0.0.1', '内网IP', '{\"borrowedNumber\":50000,\"borrowingNumber\":50,\"cardNumber\":12358364,\"params\":{},\"readerName\":\"大零卷王\",\"readerType\":\"星耀会员\",\"sex\":\"0\"}', '{\"msg\":\"操作成功\",\"code\":200}', 0, NULL, '2023-12-11 02:00:51', 33);
INSERT INTO `sys_oper_log` VALUES (305, '读者', 2, 'com.ldb.project.server.controller.ReaderController.edit()', 'PUT', 1, 'admin', '研发部门', '/server/Reader', '127.0.0.1', '内网IP', '{\"borrowedNumber\":5570,\"borrowingNumber\":55,\"cardNumber\":11111111,\"params\":{},\"readerName\":\"玄桃K\",\"readerType\":\"星耀会员\",\"sex\":\"1\"}', '{\"msg\":\"操作成功\",\"code\":200}', 0, NULL, '2023-12-11 02:00:58', 93);
INSERT INTO `sys_oper_log` VALUES (306, '菜单管理', 2, 'com.ldb.project.system.controller.SysMenuController.edit()', 'PUT', 1, 'admin', '研发部门', '/system/menu', '127.0.0.1', '内网IP', '{\"children\":[],\"component\":\"server/Reader/index\",\"createTime\":\"2023-12-11 01:23:36\",\"icon\":\"peoples\",\"isCache\":\"0\",\"isFrame\":\"1\",\"menuId\":2049,\"menuName\":\"读者\",\"menuType\":\"C\",\"orderNum\":4,\"params\":{},\"parentId\":1,\"path\":\"Reader\",\"perms\":\"server:Reader:list\",\"status\":\"0\",\"updateBy\":\"admin\",\"visible\":\"0\"}', '{\"msg\":\"操作成功\",\"code\":200}', 0, NULL, '2023-12-11 02:01:34', 229);
INSERT INTO `sys_oper_log` VALUES (307, '代码生成', 2, 'com.ldb.project.tool.gen.controller.GenController.editSave()', 'PUT', 1, 'admin', '研发部门', '/tool/gen', '127.0.0.1', '内网IP', '{\"businessName\":\"Staff\",\"className\":\"Staff\",\"columns\":[{\"capJavaField\":\"StaffId\",\"columnComment\":\"员工号\",\"columnId\":98,\"columnName\":\"staff_id\",\"columnType\":\"bigint(20)\",\"createBy\":\"admin\",\"createTime\":\"2023-12-10 07:41:39\",\"dictType\":\"\",\"edit\":false,\"htmlType\":\"input\",\"increment\":false,\"insert\":true,\"isIncrement\":\"0\",\"isInsert\":\"1\",\"isPk\":\"1\",\"isRequired\":\"0\",\"javaField\":\"staffId\",\"javaType\":\"Long\",\"list\":false,\"params\":{},\"pk\":true,\"query\":false,\"queryType\":\"EQ\",\"required\":false,\"sort\":1,\"superColumn\":false,\"tableId\":18,\"updateBy\":\"\",\"usableColumn\":false},{\"capJavaField\":\"StaffName\",\"columnComment\":\"员工姓名\",\"columnId\":99,\"columnName\":\"staff_name\",\"columnType\":\"varchar(10)\",\"createBy\":\"admin\",\"createTime\":\"2023-12-10 07:41:39\",\"dictType\":\"\",\"edit\":true,\"htmlType\":\"input\",\"increment\":false,\"insert\":true,\"isEdit\":\"1\",\"isIncrement\":\"0\",\"isInsert\":\"1\",\"isList\":\"1\",\"isPk\":\"0\",\"isQuery\":\"1\",\"isRequired\":\"0\",\"javaField\":\"staffName\",\"javaType\":\"String\",\"list\":true,\"params\":{},\"pk\":false,\"query\":true,\"queryType\":\"LIKE\",\"required\":false,\"sort\":2,\"superColumn\":false,\"tableId\":18,\"updateBy\":\"\",\"usableColumn\":false},{\"capJavaField\":\"StaffOffice\",\"columnComment\":\"员工科室\",\"columnId\":100,\"columnName\":\"staff_office\",\"columnType\":\"varchar(10)\",\"createBy\":\"admin\",\"createTime\":\"2023-12-10 07:41:39\",\"dictType\":\"\",\"edit\":true,\"htmlType\":\"input\",\"increment\":false,\"insert\":true,\"isEdit\":\"1\",\"isIncrement\":\"0\",\"isInsert\":\"1\",\"isList\":\"1\",\"isPk\":\"0\",\"isQuery\":\"1\",\"isRequired\":\"0\",\"javaField\":\"staffOffice\",\"javaType\":\"String\",\"list\":true,\"params\":{},\"pk\":false,\"query\":true,\"queryType\":\"EQ\",\"required\":false,\"sort\":3,\"superColumn\":false,\"tableId\":18,\"updateBy\":\"\",\"usableColumn\":false},{\"capJavaField\":\"StaffWages\",\"columnComment\":\"员工薪资\",\"columnId\":101,\"columnName\":\"staff_wages\",\"columnType\":\"float(255,2)\",\"createBy\":\"admin\",\"createTime\":\"2023-12-10 07:41:39\",\"dictType\":\"\",\"edit\":true,\"htmlType\":\"input\",\"increment\":false,\"insert\":true,\"isEdit\":\"1\",\"isIncrement\":\"0\",\"isInsert\":\"1\",\"isList\":\"1\",\"isPk\":\"0\"', '{\"msg\":\"操作成功\",\"code\":200}', 0, NULL, '2023-12-11 02:03:11', 229);
INSERT INTO `sys_oper_log` VALUES (308, '代码生成', 2, 'com.ldb.project.tool.gen.controller.GenController.editSave()', 'PUT', 1, 'admin', '研发部门', '/tool/gen', '127.0.0.1', '内网IP', '{\"businessName\":\"Staff\",\"className\":\"Staff\",\"columns\":[{\"capJavaField\":\"StaffId\",\"columnComment\":\"员工号\",\"columnId\":98,\"columnName\":\"staff_id\",\"columnType\":\"bigint(20)\",\"createBy\":\"admin\",\"createTime\":\"2023-12-10 07:41:39\",\"dictType\":\"\",\"edit\":false,\"htmlType\":\"input\",\"increment\":false,\"insert\":true,\"isIncrement\":\"0\",\"isInsert\":\"1\",\"isPk\":\"1\",\"isRequired\":\"0\",\"javaField\":\"staffId\",\"javaType\":\"Long\",\"list\":false,\"params\":{},\"pk\":true,\"query\":false,\"queryType\":\"EQ\",\"required\":false,\"sort\":1,\"superColumn\":false,\"tableId\":18,\"updateBy\":\"\",\"updateTime\":\"2023-12-11 02:03:11\",\"usableColumn\":false},{\"capJavaField\":\"StaffName\",\"columnComment\":\"员工姓名\",\"columnId\":99,\"columnName\":\"staff_name\",\"columnType\":\"varchar(10)\",\"createBy\":\"admin\",\"createTime\":\"2023-12-10 07:41:39\",\"dictType\":\"\",\"edit\":true,\"htmlType\":\"input\",\"increment\":false,\"insert\":true,\"isEdit\":\"1\",\"isIncrement\":\"0\",\"isInsert\":\"1\",\"isList\":\"1\",\"isPk\":\"0\",\"isQuery\":\"1\",\"isRequired\":\"0\",\"javaField\":\"staffName\",\"javaType\":\"String\",\"list\":true,\"params\":{},\"pk\":false,\"query\":true,\"queryType\":\"LIKE\",\"required\":false,\"sort\":2,\"superColumn\":false,\"tableId\":18,\"updateBy\":\"\",\"updateTime\":\"2023-12-11 02:03:11\",\"usableColumn\":false},{\"capJavaField\":\"StaffOffice\",\"columnComment\":\"员工科室\",\"columnId\":100,\"columnName\":\"staff_office\",\"columnType\":\"varchar(10)\",\"createBy\":\"admin\",\"createTime\":\"2023-12-10 07:41:39\",\"dictType\":\"\",\"edit\":true,\"htmlType\":\"input\",\"increment\":false,\"insert\":true,\"isEdit\":\"1\",\"isIncrement\":\"0\",\"isInsert\":\"1\",\"isList\":\"1\",\"isPk\":\"0\",\"isQuery\":\"1\",\"isRequired\":\"0\",\"javaField\":\"staffOffice\",\"javaType\":\"String\",\"list\":true,\"params\":{},\"pk\":false,\"query\":true,\"queryType\":\"EQ\",\"required\":false,\"sort\":3,\"superColumn\":false,\"tableId\":18,\"updateBy\":\"\",\"updateTime\":\"2023-12-11 02:03:11\",\"usableColumn\":false},{\"capJavaField\":\"StaffWages\",\"columnComment\":\"员工薪资\",\"columnId\":101,\"columnName\":\"staff_wages\",\"columnType\":\"float(255,2)\",\"createBy\":\"admin\",\"createTime\":\"2023-12-10 07:41:39\",\"dictType\":\"\",\"edit\":true,\"htmlType\":\"inp', '{\"msg\":\"操作成功\",\"code\":200}', 0, NULL, '2023-12-11 02:03:28', 203);
INSERT INTO `sys_oper_log` VALUES (309, '代码生成', 8, 'com.ldb.project.tool.gen.controller.GenController.batchGenCode()', 'GET', 1, 'admin', '研发部门', '/tool/gen/batchGenCode', '127.0.0.1', '内网IP', '{\"tables\":\"staff\"}', NULL, 0, NULL, '2023-12-11 02:03:30', 432);
INSERT INTO `sys_oper_log` VALUES (310, '员工', 1, 'com.ldb.project.server.controller.StaffController.add()', 'POST', 1, 'admin', '研发部门', '/server/Staff', '127.0.0.1', '内网IP', '{\"params\":{},\"staffId\":14652287,\"staffName\":\"前端牛马\",\"staffOffice\":\"打灰包间\",\"staffWages\":14}', '{\"msg\":\"操作成功\",\"code\":200}', 0, NULL, '2023-12-11 02:21:09', 42);
INSERT INTO `sys_oper_log` VALUES (311, '员工', 1, 'com.ldb.project.server.controller.StaffController.add()', 'POST', 1, 'admin', '研发部门', '/server/Staff', '127.0.0.1', '内网IP', '{\"params\":{},\"staffId\":24333692,\"staffName\":\"后端牛马\",\"staffOffice\":\"乞丐套房\",\"staffWages\":26}', '{\"msg\":\"操作成功\",\"code\":200}', 0, NULL, '2023-12-11 02:21:30', 39);
INSERT INTO `sys_oper_log` VALUES (312, '员工', 1, 'com.ldb.project.server.controller.StaffController.add()', 'POST', 1, 'admin', '研发部门', '/server/Staff', '127.0.0.1', '内网IP', '{\"params\":{},\"staffId\":10353939,\"staffName\":\"项目经理\",\"staffOffice\":\"碧水龙庭\",\"staffWages\":114514}', '{\"msg\":\"操作成功\",\"code\":200}', 0, NULL, '2023-12-11 02:22:27', 31);
INSERT INTO `sys_oper_log` VALUES (313, '菜单管理', 2, 'com.ldb.project.system.controller.SysMenuController.edit()', 'PUT', 1, 'admin', '研发部门', '/system/menu', '127.0.0.1', '内网IP', '{\"children\":[],\"component\":\"server/Staff/index\",\"createTime\":\"2023-12-11 02:04:21\",\"icon\":\"logininfor\",\"isCache\":\"0\",\"isFrame\":\"1\",\"menuId\":2061,\"menuName\":\"员工\",\"menuType\":\"C\",\"orderNum\":5,\"params\":{},\"parentId\":1,\"path\":\"Staff\",\"perms\":\"server:Staff:list\",\"status\":\"0\",\"updateBy\":\"admin\",\"visible\":\"0\"}', '{\"msg\":\"操作成功\",\"code\":200}', 0, NULL, '2023-12-11 02:23:10', 54);
INSERT INTO `sys_oper_log` VALUES (314, '菜单管理', 2, 'com.ldb.project.system.controller.SysMenuController.edit()', 'PUT', 1, 'admin', '研发部门', '/system/menu', '127.0.0.1', '内网IP', '{\"children\":[],\"component\":\"server/Staff/index\",\"createTime\":\"2023-12-11 02:04:21\",\"icon\":\"message\",\"isCache\":\"0\",\"isFrame\":\"1\",\"menuId\":2061,\"menuName\":\"员工\",\"menuType\":\"C\",\"orderNum\":5,\"params\":{},\"parentId\":1,\"path\":\"Staff\",\"perms\":\"server:Staff:list\",\"status\":\"0\",\"updateBy\":\"admin\",\"visible\":\"0\"}', '{\"msg\":\"操作成功\",\"code\":200}', 0, NULL, '2023-12-11 02:23:41', 42);
INSERT INTO `sys_oper_log` VALUES (315, '代码生成', 2, 'com.ldb.project.tool.gen.controller.GenController.editSave()', 'PUT', 1, 'admin', '研发部门', '/tool/gen', '127.0.0.1', '内网IP', '{\"businessName\":\"UserType\",\"className\":\"UserType\",\"columns\":[{\"capJavaField\":\"UserType\",\"columnComment\":\"用户类型\",\"columnId\":102,\"columnName\":\"user_type\",\"columnType\":\"varchar(10)\",\"createBy\":\"admin\",\"createTime\":\"2023-12-10 07:41:46\",\"dictType\":\"\",\"edit\":false,\"htmlType\":\"input\",\"increment\":false,\"insert\":true,\"isIncrement\":\"0\",\"isInsert\":\"1\",\"isPk\":\"1\",\"isRequired\":\"0\",\"javaField\":\"userType\",\"javaType\":\"String\",\"list\":false,\"params\":{},\"pk\":true,\"query\":false,\"queryType\":\"EQ\",\"required\":false,\"sort\":1,\"superColumn\":false,\"tableId\":19,\"updateBy\":\"\",\"usableColumn\":false},{\"capJavaField\":\"CanBorrowingTime\",\"columnComment\":\"最长借阅时间\",\"columnId\":103,\"columnName\":\"can_borrowing_time\",\"columnType\":\"int(11)\",\"createBy\":\"admin\",\"createTime\":\"2023-12-10 07:41:46\",\"dictType\":\"\",\"edit\":true,\"htmlType\":\"input\",\"increment\":false,\"insert\":true,\"isEdit\":\"1\",\"isIncrement\":\"0\",\"isInsert\":\"1\",\"isList\":\"1\",\"isPk\":\"0\",\"isQuery\":\"1\",\"isRequired\":\"0\",\"javaField\":\"canBorrowingTime\",\"javaType\":\"Long\",\"list\":true,\"params\":{},\"pk\":false,\"query\":true,\"queryType\":\"EQ\",\"required\":false,\"sort\":2,\"superColumn\":false,\"tableId\":19,\"updateBy\":\"\",\"usableColumn\":false},{\"capJavaField\":\"CanBorrowNumber\",\"columnComment\":\"同时借阅数量\",\"columnId\":104,\"columnName\":\"can_borrow_number\",\"columnType\":\"int(11)\",\"createBy\":\"admin\",\"createTime\":\"2023-12-10 07:41:46\",\"dictType\":\"\",\"edit\":true,\"htmlType\":\"input\",\"increment\":false,\"insert\":true,\"isEdit\":\"1\",\"isIncrement\":\"0\",\"isInsert\":\"1\",\"isList\":\"1\",\"isPk\":\"0\",\"isQuery\":\"1\",\"isRequired\":\"0\",\"javaField\":\"canBorrowNumber\",\"javaType\":\"Long\",\"list\":true,\"params\":{},\"pk\":false,\"query\":true,\"queryType\":\"EQ\",\"required\":false,\"sort\":3,\"superColumn\":false,\"tableId\":19,\"updateBy\":\"\",\"usableColumn\":false}],\"crud\":true,\"functionAuthor\":\"SpadeKTLSG\",\"functionName\":\"用户类型\",\"genPath\":\"/\",\"genType\":\"0\",\"moduleName\":\"server\",\"options\":\"{\\\"parentMenuId\\\":1}\",\"packageName\":\"com.ldb.project.server\",\"params\":{\"parentMenuId\":1},\"parentMenuId\":\"1\",\"sub\":false,\"tableComment\":\"用户类型\",\"tableId\":19,\"', '{\"msg\":\"操作成功\",\"code\":200}', 0, NULL, '2023-12-11 02:27:12', 200);
INSERT INTO `sys_oper_log` VALUES (316, '代码生成', 8, 'com.ldb.project.tool.gen.controller.GenController.batchGenCode()', 'GET', 1, 'admin', '研发部门', '/tool/gen/batchGenCode', '127.0.0.1', '内网IP', '{\"tables\":\"user_type\"}', NULL, 0, NULL, '2023-12-11 02:27:14', 464);
INSERT INTO `sys_oper_log` VALUES (317, '菜单管理', 2, 'com.ldb.project.system.controller.SysMenuController.edit()', 'PUT', 1, 'admin', '研发部门', '/system/menu', '127.0.0.1', '内网IP', '{\"children\":[],\"component\":\"server/UserType/index\",\"createTime\":\"2023-12-11 02:27:42\",\"icon\":\"#\",\"isCache\":\"0\",\"isFrame\":\"1\",\"menuId\":2067,\"menuName\":\"类型\",\"menuType\":\"C\",\"orderNum\":7,\"params\":{},\"parentId\":1,\"path\":\"UserType\",\"perms\":\"server:UserType:list\",\"status\":\"0\",\"updateBy\":\"admin\",\"visible\":\"0\"}', '{\"msg\":\"操作成功\",\"code\":200}', 0, NULL, '2023-12-11 02:32:52', 57);
INSERT INTO `sys_oper_log` VALUES (318, '菜单管理', 2, 'com.ldb.project.system.controller.SysMenuController.edit()', 'PUT', 1, 'admin', '研发部门', '/system/menu', '127.0.0.1', '内网IP', '{\"children\":[],\"component\":\"server/UserType/index\",\"createTime\":\"2023-12-11 02:27:42\",\"icon\":\"example\",\"isCache\":\"0\",\"isFrame\":\"1\",\"menuId\":2067,\"menuName\":\"类型\",\"menuType\":\"C\",\"orderNum\":6,\"params\":{},\"parentId\":1,\"path\":\"UserType\",\"perms\":\"server:UserType:list\",\"status\":\"0\",\"updateBy\":\"admin\",\"visible\":\"0\"}', '{\"msg\":\"操作成功\",\"code\":200}', 0, NULL, '2023-12-11 02:33:44', 78);
INSERT INTO `sys_oper_log` VALUES (319, '读者', 2, 'com.ldb.project.server.controller.ReaderController.edit()', 'PUT', 1, 'admin', '研发部门', '/server/Reader', '127.0.0.1', '内网IP', '{\"borrowedNumber\":120,\"borrowingNumber\":45,\"cardNumber\":12389865,\"params\":{},\"readerName\":\"大三油条\",\"readerType\":\"黄金会员\",\"sex\":\"1\"}', '{\"msg\":\"操作成功\",\"code\":200}', 0, NULL, '2023-12-11 02:35:10', 41);
INSERT INTO `sys_oper_log` VALUES (320, '读者', 2, 'com.ldb.project.server.controller.ReaderController.edit()', 'PUT', 1, 'admin', '研发部门', '/server/Reader', '127.0.0.1', '内网IP', '{\"borrowedNumber\":900,\"borrowingNumber\":88,\"cardNumber\":13127048,\"params\":{},\"readerName\":\"大四牛马\",\"readerType\":\"铂金会员\",\"sex\":\"0\"}', '{\"msg\":\"操作成功\",\"code\":200}', 0, NULL, '2023-12-11 02:35:16', 41);
INSERT INTO `sys_oper_log` VALUES (321, '菜单管理', 2, 'com.ldb.project.system.controller.SysMenuController.edit()', 'PUT', 1, 'admin', '研发部门', '/system/menu', '127.0.0.1', '内网IP', '{\"children\":[],\"component\":\"tool/gen/index\",\"createTime\":\"2023-12-08 21:00:41\",\"icon\":\"code\",\"isCache\":\"1\",\"isFrame\":\"1\",\"menuId\":116,\"menuName\":\"代码生成\",\"menuType\":\"C\",\"orderNum\":2,\"params\":{},\"parentId\":3,\"path\":\"gen\",\"perms\":\"tool:gen:list\",\"query\":\"\",\"status\":\"1\",\"updateBy\":\"admin\",\"visible\":\"1\"}', '{\"msg\":\"操作成功\",\"code\":200}', 0, NULL, '2023-12-11 02:47:43', 60);

-- ----------------------------
-- Table structure for sys_post
-- ----------------------------
DROP TABLE IF EXISTS `sys_post`;
CREATE TABLE `sys_post`  (
  `post_id` bigint(20) NOT NULL AUTO_INCREMENT COMMENT '岗位ID',
  `post_code` varchar(64) CHARACTER SET utf8 COLLATE utf8_general_ci NOT NULL COMMENT '岗位编码',
  `post_name` varchar(50) CHARACTER SET utf8 COLLATE utf8_general_ci NOT NULL COMMENT '岗位名称',
  `post_sort` int(11) NOT NULL COMMENT '显示顺序',
  `status` char(1) CHARACTER SET utf8 COLLATE utf8_general_ci NOT NULL COMMENT '状态（0正常 1停用）',
  `create_by` varchar(64) CHARACTER SET utf8 COLLATE utf8_general_ci DEFAULT '' COMMENT '创建者',
  `create_time` datetime(0) DEFAULT NULL COMMENT '创建时间',
  `update_by` varchar(64) CHARACTER SET utf8 COLLATE utf8_general_ci DEFAULT '' COMMENT '更新者',
  `update_time` datetime(0) DEFAULT NULL COMMENT '更新时间',
  `remark` varchar(500) CHARACTER SET utf8 COLLATE utf8_general_ci DEFAULT NULL COMMENT '备注',
  PRIMARY KEY (`post_id`) USING BTREE
) ENGINE = InnoDB AUTO_INCREMENT = 5 CHARACTER SET = utf8 COLLATE = utf8_general_ci COMMENT = '岗位信息表' ROW_FORMAT = Compact;

-- ----------------------------
-- Records of sys_post
-- ----------------------------
INSERT INTO `sys_post` VALUES (1, 'kaka', '总裁', 1, '0', 'admin', '2023-12-08 21:00:40', 'admin', '2023-12-09 15:27:31', 'LDBMS的大统领是也');
INSERT INTO `sys_post` VALUES (2, 'se', '项目经理', 2, '0', 'admin', '2023-12-08 21:00:40', 'admin', '2023-12-09 15:28:14', '处理业务与实施');
INSERT INTO `sys_post` VALUES (3, 'hr', '人力资源', 3, '0', 'admin', '2023-12-08 21:00:40', 'admin', '2023-12-09 15:27:48', '牛马的生活管理');
INSERT INTO `sys_post` VALUES (4, 'user', '普通员工', 4, '0', 'admin', '2023-12-08 21:00:40', 'admin', '2023-12-09 15:27:56', '牛马');

-- ----------------------------
-- Table structure for sys_role
-- ----------------------------
DROP TABLE IF EXISTS `sys_role`;
CREATE TABLE `sys_role`  (
  `role_id` bigint(20) NOT NULL AUTO_INCREMENT COMMENT '角色ID',
  `role_name` varchar(30) CHARACTER SET utf8 COLLATE utf8_general_ci NOT NULL COMMENT '角色名称',
  `role_key` varchar(100) CHARACTER SET utf8 COLLATE utf8_general_ci NOT NULL COMMENT '角色权限字符串',
  `role_sort` int(11) NOT NULL COMMENT '显示顺序',
  `data_scope` char(1) CHARACTER SET utf8 COLLATE utf8_general_ci DEFAULT '1' COMMENT '数据范围（1：全部数据权限 2：自定数据权限 3：本部门数据权限 4：本部门及以下数据权限）',
  `menu_check_strictly` tinyint(1) DEFAULT 1 COMMENT '菜单树选择项是否关联显示',
  `dept_check_strictly` tinyint(1) DEFAULT 1 COMMENT '部门树选择项是否关联显示',
  `status` char(1) CHARACTER SET utf8 COLLATE utf8_general_ci NOT NULL COMMENT '角色状态（0正常 1停用）',
  `del_flag` char(1) CHARACTER SET utf8 COLLATE utf8_general_ci DEFAULT '0' COMMENT '删除标志（0代表存在 2代表删除）',
  `create_by` varchar(64) CHARACTER SET utf8 COLLATE utf8_general_ci DEFAULT '' COMMENT '创建者',
  `create_time` datetime(0) DEFAULT NULL COMMENT '创建时间',
  `update_by` varchar(64) CHARACTER SET utf8 COLLATE utf8_general_ci DEFAULT '' COMMENT '更新者',
  `update_time` datetime(0) DEFAULT NULL COMMENT '更新时间',
  `remark` varchar(500) CHARACTER SET utf8 COLLATE utf8_general_ci DEFAULT NULL COMMENT '备注',
  PRIMARY KEY (`role_id`) USING BTREE
) ENGINE = InnoDB AUTO_INCREMENT = 100 CHARACTER SET = utf8 COLLATE = utf8_general_ci COMMENT = '角色信息表' ROW_FORMAT = Compact;

-- ----------------------------
-- Records of sys_role
-- ----------------------------
INSERT INTO `sys_role` VALUES (1, '超级管理员', 'admin', 1, '1', 1, 1, '0', '0', 'admin', '2023-12-08 21:00:41', '', NULL, '超级管理员');
INSERT INTO `sys_role` VALUES (2, '普通角色', 'common', 2, '2', 1, 1, '0', '0', 'admin', '2023-12-08 21:00:41', 'admin', '2023-12-10 15:22:04', '失败的man,只能看核心业务');

-- ----------------------------
-- Table structure for sys_role_dept
-- ----------------------------
DROP TABLE IF EXISTS `sys_role_dept`;
CREATE TABLE `sys_role_dept`  (
  `role_id` bigint(20) NOT NULL COMMENT '角色ID',
  `dept_id` bigint(20) NOT NULL COMMENT '部门ID',
  PRIMARY KEY (`role_id`, `dept_id`) USING BTREE
) ENGINE = InnoDB CHARACTER SET = utf8 COLLATE = utf8_general_ci COMMENT = '角色和部门关联表' ROW_FORMAT = Compact;

-- ----------------------------
-- Records of sys_role_dept
-- ----------------------------
INSERT INTO `sys_role_dept` VALUES (2, 100);
INSERT INTO `sys_role_dept` VALUES (2, 101);
INSERT INTO `sys_role_dept` VALUES (2, 105);

-- ----------------------------
-- Table structure for sys_role_menu
-- ----------------------------
DROP TABLE IF EXISTS `sys_role_menu`;
CREATE TABLE `sys_role_menu`  (
  `role_id` bigint(20) NOT NULL COMMENT '角色ID',
  `menu_id` bigint(20) NOT NULL COMMENT '菜单ID',
  PRIMARY KEY (`role_id`, `menu_id`) USING BTREE
) ENGINE = InnoDB CHARACTER SET = utf8 COLLATE = utf8_general_ci COMMENT = '角色和菜单关联表' ROW_FORMAT = Compact;

-- ----------------------------
-- Records of sys_role_menu
-- ----------------------------
INSERT INTO `sys_role_menu` VALUES (2, 1);
INSERT INTO `sys_role_menu` VALUES (2, 107);
INSERT INTO `sys_role_menu` VALUES (2, 1035);
INSERT INTO `sys_role_menu` VALUES (2, 1036);
INSERT INTO `sys_role_menu` VALUES (2, 1037);
INSERT INTO `sys_role_menu` VALUES (2, 1038);

-- ----------------------------
-- Table structure for sys_user
-- ----------------------------
DROP TABLE IF EXISTS `sys_user`;
CREATE TABLE `sys_user`  (
  `user_id` bigint(20) NOT NULL AUTO_INCREMENT COMMENT '用户ID',
  `dept_id` bigint(20) DEFAULT NULL COMMENT '部门ID',
  `user_name` varchar(30) CHARACTER SET utf8 COLLATE utf8_general_ci NOT NULL COMMENT '用户账号',
  `nick_name` varchar(30) CHARACTER SET utf8 COLLATE utf8_general_ci NOT NULL COMMENT '用户昵称',
  `user_type` varchar(2) CHARACTER SET utf8 COLLATE utf8_general_ci DEFAULT '00' COMMENT '用户类型（00系统用户）',
  `email` varchar(50) CHARACTER SET utf8 COLLATE utf8_general_ci DEFAULT '' COMMENT '用户邮箱',
  `phonenumber` varchar(11) CHARACTER SET utf8 COLLATE utf8_general_ci DEFAULT '' COMMENT '手机号码',
  `sex` char(1) CHARACTER SET utf8 COLLATE utf8_general_ci DEFAULT '0' COMMENT '用户性别（0男 1女 2未知）',
  `avatar` varchar(100) CHARACTER SET utf8 COLLATE utf8_general_ci DEFAULT '' COMMENT '头像地址',
  `password` varchar(100) CHARACTER SET utf8 COLLATE utf8_general_ci DEFAULT '' COMMENT '密码',
  `status` char(1) CHARACTER SET utf8 COLLATE utf8_general_ci DEFAULT '0' COMMENT '帐号状态（0正常 1停用）',
  `del_flag` char(1) CHARACTER SET utf8 COLLATE utf8_general_ci DEFAULT '0' COMMENT '删除标志（0代表存在 2代表删除）',
  `login_ip` varchar(128) CHARACTER SET utf8 COLLATE utf8_general_ci DEFAULT '' COMMENT '最后登录IP',
  `login_date` datetime(0) DEFAULT NULL COMMENT '最后登录时间',
  `create_by` varchar(64) CHARACTER SET utf8 COLLATE utf8_general_ci DEFAULT '' COMMENT '创建者',
  `create_time` datetime(0) DEFAULT NULL COMMENT '创建时间',
  `update_by` varchar(64) CHARACTER SET utf8 COLLATE utf8_general_ci DEFAULT '' COMMENT '更新者',
  `update_time` datetime(0) DEFAULT NULL COMMENT '更新时间',
  `remark` varchar(500) CHARACTER SET utf8 COLLATE utf8_general_ci DEFAULT NULL COMMENT '备注',
  PRIMARY KEY (`user_id`) USING BTREE
) ENGINE = InnoDB AUTO_INCREMENT = 101 CHARACTER SET = utf8 COLLATE = utf8_general_ci COMMENT = '用户信息表' ROW_FORMAT = Compact;

-- ----------------------------
-- Records of sys_user
-- ----------------------------
INSERT INTO `sys_user` VALUES (1, 103, 'admin', '软工牛马', '00', '2439366986@gmail.com', '15903229338', '1', '', '$2a$10$7JB720yubVSZvUI0rEqK/.VqGOZTH.ulu33dHOiBE8ByOhJIrdAu2', '0', '0', '127.0.0.1', '2023-12-11 14:58:14', 'admin', '2023-12-08 21:00:40', '', '2023-12-11 06:58:36', '管理员');
INSERT INTO `sys_user` VALUES (2, 105, 'ry', '若依', '00', 'ry@qq.com', '15666666666', '1', '', '$2a$10$7JB720yubVSZvUI0rEqK/.VqGOZTH.ulu33dHOiBE8ByOhJIrdAu2', '1', '0', '127.0.0.1', '2023-12-08 21:00:40', 'admin', '2023-12-08 21:00:40', 'admin', '2023-12-09 15:08:05', '测试员');
INSERT INTO `sys_user` VALUES (100, NULL, 'HBUAdmin', 'HBUAdmin', '00', 'hbuAdmin@qq.com', '13635234596', '1', '', '$2a$10$VbG.oCtFHnEX/J9dewVg..QMntboTETgpwTQzU3KQy9B39krEYRRK', '0', '0', '127.0.0.1', '2023-12-10 15:19:04', '', '2023-12-10 15:14:30', '', '2023-12-10 15:19:04', NULL);

-- ----------------------------
-- Table structure for sys_user_post
-- ----------------------------
DROP TABLE IF EXISTS `sys_user_post`;
CREATE TABLE `sys_user_post`  (
  `user_id` bigint(20) NOT NULL COMMENT '用户ID',
  `post_id` bigint(20) NOT NULL COMMENT '岗位ID',
  PRIMARY KEY (`user_id`, `post_id`) USING BTREE
) ENGINE = InnoDB CHARACTER SET = utf8 COLLATE = utf8_general_ci COMMENT = '用户与岗位关联表' ROW_FORMAT = Compact;

-- ----------------------------
-- Records of sys_user_post
-- ----------------------------
INSERT INTO `sys_user_post` VALUES (1, 1);
INSERT INTO `sys_user_post` VALUES (2, 2);

-- ----------------------------
-- Table structure for sys_user_role
-- ----------------------------
DROP TABLE IF EXISTS `sys_user_role`;
CREATE TABLE `sys_user_role`  (
  `user_id` bigint(20) NOT NULL COMMENT '用户ID',
  `role_id` bigint(20) NOT NULL COMMENT '角色ID',
  PRIMARY KEY (`user_id`, `role_id`) USING BTREE
) ENGINE = InnoDB CHARACTER SET = utf8 COLLATE = utf8_general_ci COMMENT = '用户和角色关联表' ROW_FORMAT = Compact;

-- ----------------------------
-- Records of sys_user_role
-- ----------------------------
INSERT INTO `sys_user_role` VALUES (1, 1);
INSERT INTO `sys_user_role` VALUES (2, 2);
INSERT INTO `sys_user_role` VALUES (100, 2);

-- ----------------------------
-- Table structure for user_type
-- ----------------------------
DROP TABLE IF EXISTS `user_type`;
CREATE TABLE `user_type`  (
  `user_type` varchar(255) CHARACTER SET utf8 COLLATE utf8_general_ci NOT NULL COMMENT '用户类型',
  `can_borrowing_time` int(11) DEFAULT NULL COMMENT '最长借阅时间',
  `can_borrow_number` int(11) DEFAULT NULL COMMENT '同时借阅数量',
  PRIMARY KEY (`user_type`) USING BTREE
) ENGINE = InnoDB CHARACTER SET = utf8 COLLATE = utf8_general_ci COMMENT = '用户类型' ROW_FORMAT = Compact;

-- ----------------------------
-- Records of user_type
-- ----------------------------
INSERT INTO `user_type` VALUES ('星耀会员', 120, 60);
INSERT INTO `user_type` VALUES ('白银会员', 15, 2);
INSERT INTO `user_type` VALUES ('钻石会员', 60, 30);
INSERT INTO `user_type` VALUES ('铂金会员', 30, 10);
INSERT INTO `user_type` VALUES ('青铜会员', 10, 1);
INSERT INTO `user_type` VALUES ('黄金会员', 20, 5);

SET FOREIGN_KEY_CHECKS = 1;
